Type,Title,Season,Episode,Link,Genre,Poster,Detail,Year,Cast
Movie,The Truthers,,,https://morencius.com/file/k94kwn2wejwo,"Drama, Mystery, Thriller",,"After her mother dies under strange circumstances, Ruth returns home and finds her retired father consumed by a sinister conspiracy theory. As his behavior turns erratic, she begins to fear she is sharing a roof with a killer.",2026,"José Coronado, Stéphanie Magnin, Alberto Olmo, Fanny Gautier, Mabel del Pozo"
Movie,Jana Nayagan,,,https://morencius.com/file/c7qeo8ualswo,"Action, Thriller",,A former IPS officer raises the daughter of a deceased friend and pushes her to overcome trauma and join the army. His fight for justice pulls him into a clash with corrupt powers that threaten democratic institutions.,2026,"Vijay, Pooja Hegde, Bobby Deol, Mamitha Baiju, Prakash Raj, Gautham Vasudev Menon"
Movie,Ego Raman,,,https://morencius.com/file/zsc3hcjgios5,Drama,,"Arivu, a devoted TNPSC aspirant, dreams of securing his family's future. When the bike his mother gifted him is seized over unpaid dues, desperation drives him into a perilous underworld that tests his resilience.",2026,"Ciby Bhuvana Chandran, Robo Shankar, Keerthana Sreekumar, Kavitha Ramesh, Cheran Raj"
Movie,con city,,,https://morencius.com/file/7dlls56xj1p8,"Comedy, Crime, Drama, Family",,"A chaotic crime-comedy about a family of small-time hustlers whose latest con in the big city spirals into a mess of cops, rivals, and unexpected heart. Loyalty and lies collide as everyone tries to cash out clean.",2024,Ensemble Cast
Movie,Scary movie,,,https://morencius.com/file/gipezol8ek5f,"Comedy, Horror",,"A group of teenagers who accidentally killed a man a year earlier are stalked by a masked slasher. This horror spoof lampoons Scream, I Know What You Did Last Summer, The Blair Witch Project, and other late-90s scare hits.",2000,"Anna Faris, Regina Hall, Shawn Wayans, Marlon Wayans, Shannon Elizabeth, Jon Abrahams"
Movie,The Handmaiden,,,https://morencius.com/file/gipezol8ek5f,"Drama, Romance, Thriller",,"In 1930s Japanese-occupied Korea, a pickpocket poses as a maid to help a con man swindle a Japanese heiress. Desire, betrayal, and a daring double-cross rewrite the scam from the inside.",2016,"Kim Min-hee, Kim Tae-ri, Ha Jung-woo, Cho Jin-woong, Kim Hae-sook"
Movie,The Harder They Fall,,,https://morencius.com/file/n6m3ah8u5jai,"Action, Crime, Drama, Western",,"When Nat Love learns that Rufus Buck has been released from prison, he reunites his old gang to hunt the outlaw across the West. A stylish, all-Black western packed with revenge, heists, and showdowns.",2021,"Jonathan Majors, Idris Elba, Zazie Beetz, Regina King, Delroy Lindo, Lakeith Stanfield"
Movie,Saving Private ryan,,,https://morencius.com/file/kyntzoiv0ien,"Action, Drama, War",,"After the Normandy landings, Captain Miller leads a squad behind enemy lines to find Private James Ryan, whose brothers have been killed in action. The mission becomes a harrowing portrait of duty and sacrifice in WWII.",1998,"Tom Hanks, Matt Damon, Tom Sizemore, Edward Burns, Barry Pepper, Vin Diesel"
Movie,Letters from Iwo-Jima,,,https://morencius.com/file/29zc0d5ked6l,"Drama, War",,"General Tadamichi Kuribayashi and his men dig in on Iwo Jima as U.S. forces close in. Told from the Japanese perspective, the film follows soldiers writing home while facing almost certain death.",2006,"Ken Watanabe, Kazunari Ninomiya, Tsuyoshi Ihara, Ryo Kase, Shido Nakamura"
Movie,Rush Hour 2,,,https://morencius.com/file/l563cojg29yq,"Action, Comedy, Crime, Thriller",,"Detectives Lee and Carter follow a counterfeiting ring from Los Angeles to Hong Kong after a deadly bombing. Martial-arts chaos and buddy-cop banter collide in triads, casinos, and a high-stakes chase.",2001,"Jackie Chan, Chris Tucker, Zhang Ziyi, John Lone, Roselyn Sánchez, Alan King"
Movie,The Oddessy,,,https://ployan.me/watch/?v11#QlNzamtqdDNUb2xLRjQ1MGs2SGZYR0dmTVJGT1dPeENka2cyN2lqeE5wNjJtNWxXWVZYcmdpMWhpbm8yK2hnYnk2QT0,"Adventure, Drama, Fantasy",,"Christopher Nolan's epic retelling of Homer's Odyssey follows Odysseus on a mythic voyage home after war. Gods, monsters, and loyalty are tested as he fights to return to Ithaca and his family.",2026,"Matt Damon, Tom Holland, Anne Hathaway, Zendaya, Robert Pattinson, Charlize Theron"
Movie,lucky Strike,,,https://ployan.me/watch/?v11#ZHZ6MjFqSW9MOEFicFBLRWt2Mm9oS0ZUWldkSEtRMHBXamdYVEVLK3dBRVlPZ0VZNFd3N2J5RzFlK0tmWXpFUWRvQT0,Unknown / verify title,,A high-stakes gamble goes wrong when a lucky streak draws the wrong kind of attention. Allies become suspects as one last score threatens to wipe out everyone involved.,2024,Ensemble Cast
Movie,Kung Fu Panda,,,https://ployan.me/watch/?v11#eVVHTXZqa2g5U0hxU215RWJ5WDdScDhyY2lyVEZVeGVyOWFTdW5WSnROam9jcE51TzNuTEE2UWVibWtnVzVOblJHST0,"Animation, Action, Adventure, Comedy, Family",,"Clumsy panda Po is named the Dragon Warrior, stunning the Furious Five and their master. To protect the Valley of Peace from the snow leopard Tai Lung, Po must find the warrior within.",2008,"Jack Black, Dustin Hoffman, Angelina Jolie, Jackie Chan, Lucy Liu, Ian McShane"
Movie,Kung Fu Panda 2,,,https://ployan.me/watch/?v11#akszdzhhNjVPdktwVytDQW43L2tKZk1udjNCNXliQmE0MEpyM3llelhYNG02R1FtUmdWZUhTTlJPR3J2eWI1MmF5dz0,"Animation, Action, Adventure, Comedy, Family",,"Po faces peacock warlord Lord Shen, whose cannon threatens kung fu itself. Confronting buried memories of his past, Po must master inner peace before Shen's weapon can destroy the Valley.",2011,"Jack Black, Angelina Jolie, Gary Oldman, Dustin Hoffman, Jackie Chan, Michelle Yeoh"
Movie,Kung Fu Panda 3,,,https://ployan.me/watch/?v11#TENLYjhyb0liWnE5R0VmQkxFaWhFYm9QWHd2TlBQRThzdlJvS2Q4NG9BNldWZzBLNFpYaFlPRTRtQXFLMnJIcTI4TT0,"Animation, Action, Adventure, Comedy, Family",,"Po reunites with his biological father and discovers a hidden panda village. When the spirit warrior Kai begins stealing chi, Po must train ordinary pandas to fight and become a master of chi.",2016,"Jack Black, Bryan Cranston, Dustin Hoffman, Angelina Jolie, J.K. Simmons, Jackie Chan"
Movie,Kung Fu Panda 4,,,https://ployan.me/watch/?v11#K3J1bHZvblBhTzVrMkZVRDZTSGRrY1huMWxuRTVvalV5OVFKbDFuWVhHb05wSjUwRHBZbUhjMGtyUk5RRjE4T3ZhQnF4ai9XRE84PQ,"Animation, Action, Adventure, Comedy, Family",,"Po is tapped to become Spiritual Leader and must find a successor as Dragon Warrior. With thief Zhen at his side, he faces the shapeshifting sorceress the Chameleon, who wants the power of every past villain.",2024,"Jack Black, Awkwafina, Viola Davis, Dustin Hoffman, James Hong, Bryan Cranston"
Movie,The Pool,,,https://ployan.me/watch/?v11#VHlzMHFwaGFOZ3hxcGNwRnliY0FpaGhJUWt1SFhCVDRPZXlZdW5sVjNCTEFxb1I4dGM4ZFBQRGpORG1adDFtUll2Zz0,"Horror, Thriller",,"After a wild night, a man wakes up trapped in a luxury villa swimming pool as the water slowly drains. A crocodile shares the water with him, and every attempt to escape only makes survival harder.",2018,"Theeradej Wongpuapan, Ratnamon Ratchiratham, Drop, Teerapong Leowijuk"
Movie,The Debt Collector,,,https://ployan.me/watch/?v11#UnhKU296dzJMZ0lCZ0NHRDB5VmZnYmVkVUNKd3hMSWRZaWhTdHk4dlJ5N0tpT09EcHgwZVBPY2hCZTJQWnpIS09SWT0,"Action, Crime",,A former MMA fighter takes a job collecting debts for a vicious boss to save his home. Each pickup pulls him deeper into a violent underworld where one wrong move can be fatal.,2018,"Scott Adkins, Louis Mandylor, Vladimir Kulich, Tony Todd, Michael Paré"
Movie,The Pool,,,https://ployan.me/watch/?v11#bXFvRzJOMkhKSm1QSjdqSmZqZkV0cHFHN2NzL0dvSHNyUTdKK2had1M4d3dFQkR1dEYvSXdLbGw2TjlJQ0xaOGw3dz0,"Horror, Thriller",,"After a wild night, a man wakes up trapped in a luxury villa swimming pool as the water slowly drains. A crocodile shares the water with him, and every attempt to escape only makes survival harder.",2018,"Theeradej Wongpuapan, Ratnamon Ratchiratham, Drop, Teerapong Leowijuk"
Movie,Two of Us,,,https://ployan.me/watch/?v11#WHBUc1o3c1J5RjBjeVlSZmhpNVh0NCtxNXFyb21DWjdoUDNWSTBwV1RzTFZRZk45QzhFanZYVVBkbUFDUThVcGxzYWpsUT09,Drama,,"Two retired women have loved each other in secret for decades, hiding the relationship from family. When a sudden health crisis exposes the truth, they fight for the life they still want together.",2019,"Barbara Sukowa, Martine Chevallier, Léa Drucker, Muriel Bénazéraf"
Movie,The Red Line,,,https://ployan.me/watch/?v11#Sk10RDJiNndQR1lTdzFKN1hYQ25aV25tUkg0RVBTWnJFYzFhRXFsa2ZIb0E0MXB5Sm9UU2lOS040c1ZSMmR3Yy9TL0lpM0ZTL2ZRPQ,Unknown / verify title,,"A tense drama follows lives that collide along a city's most dangerous transit line. One night of violence forces strangers to choose between silence, revenge, and the truth.",2023,Ensemble Cast
Movie,Speed Train,,,https://ployan.me/watch/?v11#WEZRTDBuUVo0NkI0NlkveWpBYThGU2xiVHhWOG1OYjJPcHZNOFNCUmcvK2VnRjhOOUhTbGgyUmFTM09LQ2QxMzdOdlVvVWdjYWVjPQ,Unknown / verify title,,"Passengers aboard a high-speed train realize the route has been hijacked. With the clock running down between stations, a handful of survivors must stop the train before it becomes a weapon.",2024,Ensemble Cast
Movie,Tee Yai: Born to Be Bad,,,https://ployan.me/watch/?v11#NGcvVDhta3d0Z3k3QzZtSmFyVnR2S2tnQVI0SzRyYUF2SHFMT2daeTdqNDhqMmZiZTk1eTdnRTdTRW1LRzBCUS8vWVZ5OTROWDJrPQ,"Crime, Drama",,"In 1980s Bangkok, legendary outlaw Tee Yai pulls off daring heists that baffle police and thrill the public. Friendship, loyalty, and one determined cop close in as his crime spree becomes a legend.",2025,"Nattawin Wattanagitiphat, Witsarut Himmarat, Supassra Thanachat, Akarin Akaranitimaytharatt, Sadanont Durongkavarojana"
Movie,Host,,,https://ployan.me/watch/?v11#NFhBZW9kZE4xczFJTEhySWZydnlpa25VS2RvWXhnYktXQXlVMUlPckc5RkR5eW90bWZGMlI2L0ZPQjFWSis0S1V5RkMyUm90Szd3PQ,"Horror, Mystery, Thriller",,"Friends hold a séance over Zoom during lockdown, treating it as a joke until something answers. Trapped on a video call, they must survive a presence that can move through the connection.",2020,"Haley Bishop, Jemma Moore, Emma Louise Webb, Radina Drandova, Caroline Ward"
Movie,Death Whisperer 3,,,https://ployan.me/watch/?v11#cnE5b08wVndtK3FhTndBbzF2UmRNeC9yUDVtcjErcHhjZHRKZVBJeFMyblQ3MkI0SmJqS0p2TFcrWFhlaHl6RVpQM3VHb1JZakpVPQ,"Action, Horror",,Malevolent forces and a vengeful spirit target a schoolgirl. Her brother must enter a cursed forest and face an accursed cult to bring her back alive.,2025,"Nadech Kugimiya, Denise Jelilcha Kapaun, Ongart Cheamcharoenpornkul, Kajbhunditt Jaidee, Nutthatcha Nina Jessica Padovan"
Movie,Gladiator Underground,,,https://ployan.me/watch/?v11#ZGNmRnVRcHJ4UE51OTJpS01JTHgrM0lTcmlUZ1hXNEZyY1IrdHk4MzhXWFlPaEZ2L3hGcUtsdUd5enBFQjk1WHVDLzRzS1lPWCtzPQ,"Action, Drama",,Fighters are forced into illegal underground arena bouts where the crowd pays for blood. A captured warrior claws toward freedom while a crime syndicate treats people as disposable entertainment.,2024,Ensemble Cast
Movie,Bang,,,https://ployan.me/watch/?v11#ZlBpQ01QMU5aQjFoZ2Jnc2IvbU54b01tNEVma0lBZDJYWUNjZVBxdVBTK01RNG5lWG9lR0JzY01EcTdma0Y1NkUwNDVwZ09Wbk5NPQ,Unknown / verify title,,"A single gunshot sets off a chain of betrayals in a city already on edge. Cops, criminals, and bystanders race to control the story before the next bang lands.",2023,Ensemble Cast
Movie,Ziam,,,https://ployan.me/watch/?v11#SDlERmRwQURkUkNJU3VaL3YvL2lPSURDeTZHT1l4QnZiRHZFQks4Y3k3Vi95cnFDL293NEpyZys4OTc4ckxZZDJKWnAxSlBCQ3B3PQ,"Action, Horror, Thriller",,"When a zombie outbreak erupts, former Muay Thai fighter Singh must use skill, speed, and grit to save his girlfriend. Martial-arts combat meets survival horror in a collapsing city.",2025,"Prin Suparat, Nuttanicha Dungwattanawanich, Wanvayla Boonnithipaisit, Johnny Anfone, Pimmada Boriruksuppakorn"
Movie,Frozen Hot Boys,,,https://ployan.me/watch/?v11#cUo5VFF6b2drZVd0VDNoMDJpV3pOMHdNbmxnWVIyQlVlRUhaK2dMYWtsRzQyT2JOSmJoSVhxK0drNllIb3pVWjR5WXJqcEkydVFNPQ,"Comedy, Drama",,A group of young men stuck in a frozen-out life try to thaw their futures with reckless schemes and messy romance. Comedy and heartbreak collide as pride melts faster than their plans.,2024,Ensemble Cast
Movie,The Stone,,,https://ployan.me/watch/?v11#WURyMCtZeVY4K0ViQVJIdVBURE81aTJoK1hpSkMyb21oK1dmTCtyTDVKaG5IUDE5T2pKRlQ2b0hQa0NKS3N2ZFd4MFRpdmYvSFIwPQ,"Crime, Drama, Thriller",,"A priceless stone pulls thieves, cops, and a desperate family into a brutal contest. Every alliance is temporary as greed and guilt close in around the prize.",2023,Ensemble Cast
Movie,Home Sweet Home: Rebirth,,,https://ployan.me/watch/?v11#dzNYRlZXMk9TLzhiczIxWUNyRUdTckZ5ZUhXRjBCMUxMY2tMelovZ3pudngzTEVJaFlNWFBtUWQ4ekdWMDZ3a01SVVNmZDllektzPQ,"Action, Horror, Mystery, Sci-Fi, Thriller",,"A family moves into a new home and is hunted by monstrous entities born from grief and guilt. Based on the survival-horror game, the film follows a father fighting through a nightmarish house to save his loved ones.",2025,"William Moseley, Alexander Lee Eusebio, Marian Rivera, Justin Chon, Sema Schartz"
Movie,Eternal Bond,,,https://ployan.me/watch/?v11#NHNnOStGK3ovcXFPMFVscXdLNFFxMCtmNjZaV3g4dXhNbVBhOEVpa3BSMVFKU0dyS0NmSDlzdzVQc2Y4Um9UNld0czllUUdLYzcwPQ,Unknown / verify title,,"Two souls bound across lifetimes try to protect a love the world keeps tearing apart. Fate, memory, and sacrifice decide whether the bond survives one last reunion.",2024,Ensemble Cast
Movie,Happy Monday(s),,,https://ployan.me/watch/?v11#RnRkSFBBVWM2N3JITi9DYVc1d3hBVGE3cDBGbUdXNE5hYWZSVlEwZG9xR0FHSHMwV0ZFTC8rZEt5dkpMek51N1pYYmt4c24zdlNZPQ,"Comedy, Drama",,"Office drones turn the most dreaded day of the week into a series of comic disasters. Friendships, crushes, and workplace chaos prove that Mondays can still surprise you.",2024,Ensemble Cast
Movie,Flat Girls,,,https://ployan.me/watch/?v11#RFl0d0JwQjgzRkdtbStWelorWTJvWTU0elh3NjdNVnI2Qld2VU9wRnA4N3d0UW5GZHY5UUgzTktHMnpLUUZYSHpoSXRTdk83dmRZPQ,"Drama, LGBTQ+, Teen, Coming-of-Age",,"Teenage girls sharing a cramped Bangkok apartment navigate first love, identity, and the pressure to grow up fast. A tender coming-of-age story about chosen family and finding your own shape.",2025,"Pansa Vosbein, Pattranite Limpatiyakorn, Ensemble Cast"
Movie,Bangkok Dog,,,https://ployan.me/watch/?v11#Yzd4Zjk2OTE3ektXNUNMeWlMZ1diam0vNVhDRC9TenhJeG5lUHRkRE5OR3l2MUpSOHNia2hKZVV1M0JhTUpYczdYS1hxS3pXVXpvPQ,"Crime, Drama",,A street-smart hustler and a loyal stray get tangled in Bangkok's criminal underbelly. Survival on the city's margins means choosing between the pack you were born into and the one you built.,2024,Ensemble Cast
Movie,Depravity,,,https://ployan.me/watch/?v11#Yzd4Zjk2OTE3ektXNUNMeWlMZ1diam0vNVhDRC9TenhJeG5lUHRkRE5OR3l2MUpSOHNia2hKZVV1M0JhTUpYczdYS1hxS3pXVXpvPQ,"Horror, Thriller",,"A quiet town hides a ritual of cruelty that feeds on the vulnerable. When a newcomer uncovers the truth, depravity stops pretending to be ordinary life.",2024,Ensemble Cast
Movie,The Paradise of Thorns,,,https://ployan.me/watch/?v11#bzE3ZEFhaFVEMzNsdlJTa3A1Y0x1aDUxczFHOEljOFpzaGo1dGpobjFVd2RKbXprL2RUOU5aSVVvM2laVXdCdFRNTHViOURIUU80PQ,"Drama, Romance, LGBTQ+",,"Thongkam and Kongkwan build a life together on a durian farm, until family, class, and a sudden death threaten everything they planted. Love and land turn sharp in this Thai LGBTQ+ drama.",2024,"Jeff Satur, Engfa Waraha, Harit Buayoi, Tontawan Tantivejakul"
Movie,Hellhound,,,https://ployan.me/watch/?v11#RkJlOCtjdk42N3V6ZjcvME1vTFBWdWp4NzZNVDZZNFRIYnFWUEx6c3lNNnZhS01kL0ZTUlBZcW90VGdLSjEvRHJDbEd3L1FDZ0c0PQ,"Action, Thriller",,"A hardened enforcer is sent to hunt a target and discovers the job is a trap. In Bangkok's night world, the hunter becomes the hunted as loyalties snap.",2024,"Arak Amornsupasiri, Jarinporn Joonkiat, Nopachai Chaiyanam, Sahajak Boonthanakit"
Movie,Latency,,,https://ployan.me/watch/?v11#b1dvaVZCTVp2ZUZsclprN2tkQVZ3aTRvanZXOWdXdzhYcVIwN3QweXo1WVFhTS9sK2NzYklLN3FoWmM2d2EydTZ3ajdacHhoVlZJPQ,"Action, Horror, Sci-Fi, Thriller",,A professional gamer is pulled into a virtual-reality nightmare where dying in the game may kill her in real life. Lag becomes lethal as she fights to log out.,2024,"Sasha Luss, Bria Vinaite, Sage Linder, Liza Berghout"
Movie,Haunted Universities 3,,,https://ployan.me/watch/?v11#cGRhWWZlVnJmRXUyYjF4ZGlEQ1FCdVEyYXFBL3VEMWVjOU54L2V6L3ZKS29JM0hPaUs5YStoVHlUYkZKdk1NTG9wVlRmd29QbjlVPQ,"Horror, Comedy",,Campus legends come true as students dare one another to enter cursed university grounds. Horror and dark comedy mix as each tale of haunting demands a new victim.,2024,"Prachaya Ruangroj, Ramida Jiranorraphat, Ensemble Cast"
Movie,My Boo,,,https://ployan.me/watch/?v11#dHFqUzZhb2VzMFpiUy83S0Z1amgyQkN4cWpuOVJXcmFvTW9pZ3B1Y2xjVVp2YytCZ2dHTUVoSUNoM3ZHOXJxZFBWenlvMm9mRHlZPQ,"Comedy, Horror, Romance",,"A man who can see ghosts falls for a spirit who refuses to move on. Romance, scares, and slapstick collide as the living and the dead try to share one heart.",2024,"Mario Maurer, Pimchanok Luevisadpaibul, Nio, Ensemble Cast"
Movie,4 Kings II,,,https://ployan.me/watch/?v11#VHJpYUprcldKTDJJSmZWUkl3YkZaNnZaSW80ZFZCMHVaR25LWkhsOHV2MHlFTWxEK0RPTEpXQnQwNXFzbFRvWUFIWT0,"Crime, Drama",,"Rival vocational-school gangs in Bangkok resume a cycle of pride, violence, and brotherhood. Old wounds from 4 Kings explode as a new generation inherits the war.",2023,"Itthipat Thanit, Panisara Rikulsurakan, Nuttarat Tangwai, Jesdaporn Pholdee"
Movie,Once Upon a Star,,,https://ployan.me/watch/?v11#cGVrZFBLenJQMDhyR21zTnprVTQrUW1qWXpJamQxRnJmTlZMTklvUzlGR3M0NndQbG4wRnI5aEJoMWRDdlYzSG8xamM2YXpoVk9RPQ,Drama,,"A faded celebrity and an ordinary dreamer collide under the spotlight. Fame, first love, and second chances rewrite a fairy tale that never stayed on script.",2023,"Pachara Chirathivat, Davika Hoorne, Ensemble Cast"
Movie,Doi Boy,,,https://ployan.me/watch/?v11#Z09qdXVLaVpIc2EyVUp1bHhSRVBUUmJ1aWlXVDdsaWlFLzRmQWFiRzZWTnZGeXNOb1B0QXR6MHc2ZCtHYnVLRktUMVZZU2tIeTUwPQ,"Drama, Thriller",,"In Chiang Mai's nightlife, a young sex worker and those around him chase dignity, money, and belonging. A raw drama about identity, exploitation, and chosen family in the hills.",2023,"Nopachai Jayanama, Aossaya Hosuwan, Ensemble Cast"
Movie,Once Upon a Studio,,,https://ployan.me/watch/?v11#K2s5OGRjamFMRWZPQ3hEMjVFRE44OWpjcDVsWGF3UkdDTEszQmlWZkRvam9IZWRBT3Vzd3J2aEJINEdSVlljL3Rtdm0zYnRzak1JPQ,"Animation, Short, Comedy, Fantasy",,"On Disney's 100th anniversary, classic characters come to life after hours at the original studio lot. A short, heartfelt reunion of a century of animation icons.",2023,"Chris Diamantopoulos, Scott Adsit, Auli'i Cravalho, Idina Menzel, Disney ensemble voices"
Movie,Space Pups,,,https://ployan.me/watch/?v11#SVNjRnl1QVBEOGJ3WnlFSkdkb1A1TzhPRW9Ec2hKS0Fmei9XUHN2VmpiQTd3NFZHNlQ0a2lkYkZvWFhOb1lRN1RVNUsyc3JHMHVJPQ,"Adventure, Family, Sci-Fi",,A pack of adventurous puppies is launched into a cosmic rescue mission. Family-friendly sci-fi hijinks follow as the pups outsmart aliens to find their way home.,2023,Ensemble Cast
Movie,The Flood,,,https://ployan.me/watch/?v11#M24xWDQwWFNtRkduYnBLZnd5Z0NtcW9NalZKaWU5c3RzbVlzV21sdnF1WXdSbkt6SEVqazMrVTlpWFJRZE1oSThLQkZiNDh5MjdzPQ,"Action, Thriller",,"When catastrophic waters swallow a city, survivors fight through submerged streets to reach high ground. Every flooded corridor hides a new threat and a harder choice.",2023,"Ananda Everingham, Noon Siraphun, Ensemble Cast"
Movie,No Escape - Season 1,,,https://ployan.me/watch/?v11#ZFR1d0JZUGJ4M1NBSFZiaVloMGxNQWZERWZTUlZOVDJCNWRmc2kyUzRKM0lJSW4rc0luTTM5dTMvM1VMTUxJOUZMOHBWc2hMa0lJPQ,"TV Series, Thriller, Drama",,Ordinary people are trapped in a closed-circuit nightmare where every exit is another trap. Season 1 follows desperate alliances as the rules of survival keep changing.,2023,Ensemble Cast
Movie,Influencer,,,https://ployan.me/watch/?v11#ZDNPc0hieDh0UnhOZEYrL1VhbHYwdEIxQUFYNXFMa3ZFaGdrSnl0TmUyUEVENWYwNmE2dmVCU2JEcWJwakkzMHhOcTgrUEhFY1M4PQ,"Thriller, Drama",,"A social-media star befriends a lonely traveler, then slowly takes over her identity. A sun-soaked thriller about envy, curation, and the cost of a perfect feed.",2022,"Emily Tennant, Cassandra Naud, Sara Canning, Georgina Beedle"
Movie,John Wick Chapter 1,,,https://imperial.p2pstream.vip/#owgg9h,"Action, Crime, Thriller",,Legendary hitman John Wick comes out of retirement after mobsters kill his dog and steal his car. The underworld learns why the name Wick is still whispered in fear.,2014,"Keanu Reeves, Michael Nyqvist, Alfie Allen, Willem Dafoe, Ian McShane, Lance Reddick"
Movie,John Wick Chapter 2,,,https://imperial.p2pstream.vip/#owgxh5,"Action, Crime, Thriller",,A blood oath pulls Wick back to Rome to assassinate a crime lord's sister. Breaking Continental rules paints a bounty on his back and turns every killer in the world against him.,2017,"Keanu Reeves, Riccardo Scamarcio, Ian McShane, Ruby Rose, Common, Laurence Fishburne"
Movie,John Wick Chapter 3,,,https://imperial.p2pstream.vip/#bgfvzn,"Action, Crime, Thriller",,"Excommunicado and hunted, Wick seeks allies from Casablanca to the Continental. The High Table demands his death, and every favor he calls in comes with a body count.",2019,"Keanu Reeves, Halle Berry, Ian McShane, Laurence Fishburne, Mark Dacascos, Asia Kate Dillon"
Movie,John Wick Chapter 4,,,https://imperial.p2pstream.vip/#owgte5,"Action, Crime, Thriller",,"Wick sets out to destroy the High Table, facing the Marquis and a blind assassin bound by honor. The road from Osaka to Paris ends in a sunrise duel for his freedom.",2023,"Keanu Reeves, Donnie Yen, Bill Skarsgård, Laurence Fishburne, Hiroyuki Sanada, Shamier Anderson"
Movie,Big Hero 6,,,https://imperial.p2pstream.vip/#5obbmh,"Animation, Action, Adventure, Comedy, Family, Sci-Fi",,Young robotics prodigy Hiro and inflatable healthcare companion Baymax form a superhero team after a deadly explosion. Together they uncover a masked villain in futuristic San Fransokyo.,2014,"Ryan Potter, Scott Adsit, T.J. Miller, Jamie Chung, Damon Wayans Jr., Genesis Rodriguez"
Movie,Parasite,,,https://imperial.p2pstream.vip/#rydmqa,"Comedy, Drama, Thriller",,The unemployed Kim family infiltrates a wealthy household by posing as unrelated skilled workers. Class resentment and a secret in the basement explode into a shocking collision of two worlds.,2019,"Song Kang-ho, Lee Sun-kyun, Cho Yeo-jeong, Choi Woo-shik, Park So-dam, Lee Jung-eun"
Movie,The Soccer Football Movie,,,https://ployan.me/watch/?v11#bkFGSkZrQ0R5N3VnUkc3TFh4TXRpN2Y0clRVcXM3MFdoUkYrYUpkQmxuUVppcVNYUDBEaVcwZkQrdzkrSDRsNnBLYUtwUlNGdnFJPQ,"Animation, Comedy, Family, Sport",,"When an evil scientist steals the world's soccer talent, young fans and superstar players team up to get the beautiful game back. A colorful animated comedy for sports-loving families.",2022,"Kylian Mbappé, Megan Rapinoe, Mo Salah, Neymar Jr., Serena Williams"
Movie,The Greatest Beer Run Ever,,,https://ployan.me/watch/?v11#eTEzdjVZMUtVTCs2Q05nSjRudFlJM21EYVdEWllXdVNYRVpQUEZVVHBrK0VzUW5kS1NlWHNUMXJUMjZ1dW81d0Zkd2xmMXdHQUtrPQ,"Comedy, Drama, War",,"In 1967, a New Yorker ships out to Vietnam to deliver beers to neighborhood friends serving in the war. What starts as a drunken dare becomes a firsthand look at combat and conscience.",2022,"Zac Efron, Russell Crowe, Bill Murray, Jake Picking, Will Ropp"
Movie,Night of the Killer Bears,,,https://ployan.me/watch/?v11#S3lkL0NteUlBWVdhMnI5UEJlVHZwd3dqZDJ6RVYwQ1VHWHpERWlGcmg3VXZsdFNjWWorb3VQZXpwYWVqMVl0TWtLU2FZTzVqV0V3PQ,"Horror, Thriller",,Campers in remote woods realize the bears hunting them are not acting like animals. A blood-soaked night of survival horror as nature—and something worse—closes in.,2022,Ensemble Cast
Movie,The Lake,,,https://ployan.me/watch/?v11#M1hjTHRGRzd1eFpXZDlONkVNVFFzb00rVkVMcWxRUHluM0dHTjFxUGx4NlNRa0VoMTB2YXBjRTBJOWRCU204UGJCdmdudjNDam9jPQ,"Horror, Sci-Fi, Thriller",,Villagers around a Thai lake are terrorized by a gigantic prehistoric creature. Soldiers and locals must work together before the monster turns the water into a grave.,2022,"Theeradej Wongpuapan, Supawadee Kaewjinda, Vithaya Pansringarm, Laila Boonyasak"
Movie,Fast & Feel Love,,,https://ployan.me/watch/?v11#Z3h2SkxLZGdHSlVTdUlOd0gyQ1hxUmJFRHd2a05IQkVKb2J2eEY5T3RGK0QzS25kYzRoY01uMGVYU01kdjh1MjloUHB1Tk5KMFRVPQ,"Comedy, Romance",,A world-ranked speed-stacking champion loses his girlfriend and his edge at the same time. To win her back—and the next contest—he has to stack his life as carefully as his cups.,2022,"Nat Kitcharit, Anuthida Phonchamrun, Putthipong Assaratanakul, Masasu Suzuki"
Movie,Fistful of Vengeance,,,https://ployan.me/watch/?v11#cUN6RlFkUWYveFNZUE9sU3dWRzlPejNwWVk4SExVMTZUQ1VOM3c0VHBTU0c3ajZYTVp0K1JDWEJnRXZOM2MyZ29Cbm4yOHl0L3JRPQ,"Action, Fantasy, Thriller",,"After a massacre in Bangkok, a cop and a vengeful brother hunt a crime syndicate tied to dark magic. Martial arts and the supernatural collide in this Wu Assassins spin-off.",2022,"Iko Uwais, Lewis Tan, Lawrence Kao, JuJu Chan, Pearl Thusi"
Movie,AI Love You,,,https://ployan.me/watch/?v11#bStVZU1MM3dnQjNwTDNpSmQ3Z3pMcW0vVzNiK3dOc3JZMmRwTVBETTkwRW1HNE9mRlJLVEtvbnNNSVcxcHdwN2p6Q25pR2FPK1RNPQ,"Comedy, Romance, Sci-Fi",,A brilliant coder's neglected AI assistant inhabits a human body to win her creator's heart. Sci-fi rom-com chaos follows as the program learns what love actually costs.,2022,"Pimchanok Luevisadpaibul, Sunny Suwanmethanont, Saharat Sangkapreecha"
Movie,4 Kings,,,https://ployan.me/watch/?v11#VUVReitBRHZ5MzRnTzFadkRtaCsvWWpDU3FxWmV3aWF4eEtybXdUaWtDakx3Q0Q5ZlV5cmxxYUVzMFFBVkRGWlRaUnA5TXNlNitjPQ,"Crime, Drama",,"In 1990s Bangkok, vocational students from rival schools fight for pride and territory. Brotherhood, first love, and brutal gang wars define a generation that cannot back down.",2021,"Itthipat Thanit, Jirayu La-ongmanee, Jesdaporn Pholdee, Nuttarat Tangwai, Panisara Rikulsurakan"
Movie,Thailand's Wild Cats,,,https://ployan.me/watch/?v11#Rk4xVTd0cHBzVk5ER1lqaXFqRmtjOW0yKy9ndDNQaE9Fd3VZd0M1aCtLNHJ5ME1BZGJ2VXcvKzRUenExeFhvcW9ZcTZTa252dE1NPQ,Documentary,,"A nature documentary tracks tigers, leopards, and clouded cats across Thailand's forests. Cameras follow the struggle to hunt, mate, and survive as habitat shrinks.",2021,Documentary Narration
Movie,Memoria,,,https://ployan.me/watch/?v11#TUpZUEFRWUxkS1VucnNaWnpxWG1iRlNkUkM5aFpaYThHb253Zy9JZUd5TEllbnVXSkpFbDQ0ZHNtOXJ3OU80clQ0UDUyQTRzMU1ZPQ,"Drama, Mystery",,"A Scottish woman in Colombia is haunted by a booming sound no one else can hear. Her search for its source becomes a meditative journey through memory, time, and the jungle.",2021,"Tilda Swinton, Elkin Díaz, Jeanne Balibar, Juan Pablo Urrego"
Movie,Apache Junction,,,https://ployan.me/watch/?v11#d0lNeDViMldUT3BDYzRLcnA5d21VaTRsYmxTakloRlJFQ3lTcXUyV2lXYUVZSzl6R2FlZm54T25TZk9INEwrM0szZE1xeUtLRDNNPQ,"Action, Western",,"A saloon singer in a lawless frontier town is hunted by a ruthless sheriff. Gunfighters, outlaws, and buried secrets collide in this modern western.",2021,"Scout Taylor-Compton, Stuart Townsend, Thomas Jane, Ed Corbin, Trace Adkins"
Movie,The Year of the Everlasting Storm,,,https://ployan.me/watch/?v11#SDVoSFhRU0hvWE96Zk1LcHltdUMzbTBJTDZCZzhjY2szNHA4NDh0RVZRV3paL0U3RHc1U2lpK0M5Z2VRUlE5TTRwVWdxRncraHZvPQ,"Drama, Anthology",,"Seven filmmakers document life under lockdown in this anthology. Isolation, protest, family, and weather become portraits of a world paused by a pandemic.",2021,"Jafar Panahi, Laura Poitras, Anthony Chen, Apichatpong Weerasethakul, Malik Vitthal"
Movie,Wish Dragon,,,https://ployan.me/watch/?v11#OUVNT21OWGgrRDl2cE9BUUhNNU43VWFnL01LT1VSNHRUZk5pclM5MHVzY0FZMTd4OUY4bU50SFNJZWpyMUxNWVU4VndsT1VOelVNPQ,"Animation, Adventure, Comedy, Family, Fantasy",,"A college student in Shanghai releases a wish-granting dragon from an antique teapot. Together they chase three wishes, old friendship, and a city that keeps changing the rules.",2021,"Jimmy Wong, John Cho, Constance Wu, Natasha Liu Bordizzo, Will Yun Lee"
Movie,Death of Me,,,https://ployan.me/watch/?v11#c2ZPRUhEMHZpb1RnREo2YzYrVjdVdlpZUElzYUhuc1dQZ0FqWmhzNlRFemkzTnI4RTZHOW1XOXF6WS9IM3ZSY1lZQXF1UT09,"Horror, Mystery, Thriller",,"A couple on a Thai holiday wakes with no memory of the night before—and a video of the husband killing his wife. As her body begins to fail, they race to undo a local curse.",2020,"Maggie Q, Luke Hemsworth, Alex Essoe, Ing Karun"
Movie,Final Kill,,,https://ployan.me/watch/?v11#SzcveTNqOVdwdTNLQXVrVS9xQWp2VmExZFBvdWxSUkpuRThwczZtSXMreVltd2tpcngrbEswU3ZLejAvbjdEK1JQWVRFUT09,"Action, Comedy, Crime",,A crew of thieves pulls a job that ends in betrayal and a trail of bodies. The last man standing must finish the score before his partners finish him.,2020,"Billy Zane, Robert Davi, Gary Daniels, Danny Trejo"
Movie,Extraction,,,https://ployan.me/watch/?v11#aFBkaHkrTURIN1RGcTQvekpKNmFWbm80alJ1cXNJMG5oSHBXTytJU0YySFR1WG5HVnVQaHA4cU1ZbGZ0Q0ZTUW9BSzlRQT09,"Action, Thriller",,Black-market mercenary Tyler Rake is hired to rescue a crime lord's kidnapped son from Dhaka. The extraction collapses into a citywide war as Tyler chooses to protect the boy at any cost.,2020,"Chris Hemsworth, Rudhraksh Jaiswal, Randeep Hooda, Golshifteh Farahani, Pankaj Tripathi"
Movie,Sergio,,,https://ployan.me/watch/?v11#Rk9rZmVTZmlXZmpLc3Y5L2pRTCtxaDJSTnRock91bjdFSm1kSnBXUU41RW4rRG9FR3ViYndnVjloNHRPYi83c01KMWlGUT09,"Biography, Drama",,UN diplomat Sérgio Vieira de Mello tries to rebuild Iraq after the invasion while holding onto a love that keeps him human. A biopic of idealism caught in the blast radius of politics.,2020,"Wagner Moura, Ana de Armas, Garret Dillahunt, Brían F. O'Byrne, Clemens Schick"
Movie,Cave Rescue,,,https://ployan.me/watch/?v11#RzRGQysxWFJRVkNaY3YyM0FPUE9FUWV3eklZcmtBa2RaeVgzNE9pNlZ3NmdwZFd4eEQxaEJBSzc4WWFnUmFQYnZoM2JpcjhXUjQwPQ,"Drama, Documentary",,"Based on the 2018 Tham Luang cave rescue, the film follows the trapped youth soccer team and the international effort to bring them out. Rising water and vanishing air turn every hour into a race.",2022,"Jim Tang, Gavin Zhang, Lawrence Wong, Ensemble Cast"
Movie,Love and Run,,,https://ployan.me/watch/?v11#TWVCa0s1ZmExbTh3T0NkaXZZVTBuRnB2R0RuK3FkQzZ2Z05kNEFCek8yMWRVU1pJYjdGU2ZQK2pKNk9TNXE3UWZva1pBUlNBSzFnPQ,"Comedy, Romance",,A runaway romance turns into a cross-country chase when two lovers steal more than each other's hearts. Comedy and chemistry keep them one step ahead of the people they left behind.,2019,Ensemble Cast
Movie,Bardo Blues,,,https://ployan.me/watch/?v11#cFNpQUgyR1pyYnVLQVF0Mno0eU1Vejh5d0dFM3Mzams1SG1wZEhMMG4yaWlDTDJHVHNjUlBFaUVRVDRtYm82TFVMTlQ,"Comedy, Drama",,A musician stuck between lives—and between gigs—wanders Bangkok with a broken heart and a half-finished song. Comedy and melancholy mix as he learns how to start again.,2019,Ensemble Cast
Movie,Triple Threat,,,https://ployan.me/watch/?v11#b0lRU0JuejBUT3FZaEJkcWt5L1d0T25xd0l4eTBKODBKeVUwemlaUWx5SWxLY1NESUVmYlA1eklEQ2MrMUNKK2pFSm5KcWw4ZnFJPQ,"Action, Thriller",,"Three elite operatives are hired to protect a billionaire's daughter from mercenaries. When the job goes wrong, martial-arts legends collide in a brutal fight for the girl and the truth.",2019,"Tony Jaa, Iko Uwais, Tiger Chen, Scott Adkins, Michael Jai White, Michael Bisping"
Movie,Inhuman Kiss,,,https://ployan.me/watch/?v11#bjllck41VXQyaDNCUkZ2emlvekM5dVRxVndRZy9kY25wMU1HbUlzTlVnMHpLZUN1ejYzNlp2cThud3N3OE9uK1B4cnpBVmNUKzlvPQ,"Drama, Horror, Romance",,"In 1930s rural Thailand, a young woman is cursed to become a krasue—a floating head that hunts at night. Her lover risks everything to hide the monster she becomes after dark.",2019,"Phantira Pipityakorn, Oabnithi Wiwattanawarang, Sapol Assawamunkong, Chintara Sukapatana"
Movie,Attrition,,,https://ployan.me/watch/?v11#UjVWOFN6ckgya0hvbXk5YXVMMDhjeng5S29OOGh3TDREdUhjb2w5Z0xBSlcwV001d1hrdGQ4V2x2Skd2NFhuQTkyT2M,"Action, Crime, Thriller",,A former special-forces operator living in hiding is pulled back into combat to rescue a kidnapped girl. Old skills and older sins surface as he cuts through a criminal network.,2018,"Steven Seagal, Rudy Youngblood, Siu-Wong Fan, James Andrew Fraser"
Movie,Who's Watching Oliver,,,https://ployan.me/watch/?v11#UEh6ZXRZbFhoT21WT3dzWFdCTXRvdGhISWtjaDVlN0ZRakhCNW5reVVFRkl0YnhSTk1FOGZLcXhQRTlNS1NWYVVTNm4,"Drama, Horror, Thriller",,A socially awkward young man spirals into obsession and violence while convinced someone is always watching. Psychological horror blurs the line between victim and predator.,2017,"Ryan Francis, Margaret Laney, Leif Olson, Brendan Bradley"
Movie,MIA A Greater Evil,,,https://ployan.me/watch/?v11#VUk5VCtCQ3pUeVVRQmxQWFdzUlljQ2hCaHdTbW5JWW9uOUFURVQxalIzK1lVRVJCaWxSdWk1a3NNVjZpdWJHbFdxSFY,"Action, Thriller",,An operative hunts a trafficking ring and discovers the evil runs closer to home than the mission brief. Action and moral compromise collide in a fight that will not stay overseas.,2018,"Solrat Nuttanicha, Sahajak Boonthanakit, Ensemble Cast"
Movie,Realms,,,https://ployan.me/watch/?v11#d3U5V0pmbVY3NVQ2cVhacWhTZTIxenNxTzlORzRBYnduRUpYNjlwUWsvZ3JhdkJuck9HYjdMc0dwSXRFcnB1L001bVk,"Horror, Thriller",,A couple seeking an alternative cure is drawn into a cult that uses a hallucinogenic drug to open other realms. Visions turn lethal as they try to wake up from the ritual.,2017,"Mark Polish, Dina Meyer, Fox Carney, Tom Sizemore"
Movie,All I See Is You,,,https://ployan.me/watch/?v11#VDUzbm0xbW9kZnB5dnVPd3FPbng5WXV5dDdQQURmY1IrbFZ1bXJYWEpLSU1Wb09EZGh4SFF1ZnhIZVErdm9tNVU3L0I,"Drama, Mystery, Romance, Thriller",,"A blind woman regains her sight after experimental surgery and starts seeing cracks in her marriage. Restoration of vision becomes a thriller about control, desire, and who she really is.",2016,"Blake Lively, Jason Clarke, Ahna O'Reilly, Yvonne Strahovski"
Movie,Ghost House,,,https://ployan.me/watch/?v11#b2Jrb0pONGdXU2dCNFZla2x0dUZMRm1OQlNqK2k1MUk4a1dMYy9sZ1FQOWp6SWxvODNHMklSUUwwbllmWTNGT3pWNDY,"Horror, Mystery, Thriller",,American travelers in Thailand buy a cheap souvenir that carries a vengeful spirit home. The haunting follows them from Bangkok temples to a house that will not let them leave.,2017,"Scout Taylor-Compton, James Landry Hébert, Russell Geoffrey Banks, Callie Hernandez"
Movie,Locked Up,,,https://ployan.me/watch/?v11#R2M3RDRxVHh3QjFGamk0SitsWWVVcjRuSWQ2NGtDOUZ5amRDcVJKNFBXaUdobXljY2VjaHNJZDNSMTYyTHF0RDRXeWo,"Drama, Thriller",,A prisoner fights to survive a corrupt facility where the real sentence is paid in secrets. Alliances form and break as a plan to get out turns into a fight to stay human.,2017,Ensemble Cast
Movie,Land of Smiles,,,https://ployan.me/watch/?v11#V2I2MXI5NEdPdXZ2S0pZOEJ5VkVTRWx5eG9zaCt0Wk4wMmZ1T3lPOEV0QUVpYTQvK1N4dkdqeGhEMWI0V2ord1diOUc,"Horror, Thriller",,Tourists chasing Thailand's nightlife wander into a trap far from the postcard smile. Horror tourism turns real as captors harvest more than money.,2016,"Eoin O'Brien, Sahajak Boonthanakit, Penpak Sirikul, Kev McLoughlin"
Movie,Battle of Memories,,,https://ployan.me/watch/?v11#bDFNZTdhcG9GMktJZmZ6VUQ0cVo4czVqOGZiSUo3aEUvdmJ1ZlNVaHMxTERTSnRrdnlUcllJUnhGbG5Wd0c4YjNOaEk,"Mystery, Sci-Fi, Thriller",,"In a near-future where memories can be erased, a novelist pays to forget a painful marriage—then becomes a suspect in murders he cannot remember. Sci-fi mystery as identity itself is on trial.",2017,"Huang Xiaoming, Duan Yihong, Xu Wei, Yang Zishan, Wang Qianyuan"
Movie,King Arthur and the Knights of the Round Table,,,https://ployan.me/watch/?v11#bkRiSmhVZis4R3ZFN2hLbkV2MTNSVVM0TmJkcEYwY2FzbGJTZUlHQUQvT293eDc4ODRjeXV0MGkyNnFSZ2FWNkc5SVA,"Action, Adventure, Fantasy",,Arthur and his knights are pulled from legend into a modern crisis that needs Excalibur again. Action-fantasy spectacle as the Round Table is rebuilt for a new war.,2017,"Sara Malakul Lane, Byron Gibson, Russell Geoffrey Banks, Paloma Rao"
Movie,Till We Meet Again,,,https://ployan.me/watch/?v11#M05KZ3FsQ2l6WHJrcnNCZ3RyNVRPS3R3emNzMElZNjZuaFhNR3JwSFB3NU5oSFgzaFBLR3V1RkVwNUNtV3lOcnIwR2E,"Drama, Romance, Fantasy",,Lovers separated by fate and time search for a way back to each other. Romance and fantasy braid together as memories of a past life refuse to stay buried.,2019,"Sukollawat Kanarot, Nuengthida Sophon, Ensemble Cast"
Movie,Hacker,,,https://ployan.me/watch/?v11#bnp0V3lBcG9sNTZxSGtaQlhIbGNqcTk4OURMRU5BaHRmWXFzVVBrclczeDZGYzJzb3Z2bmtVdzJncE5GNHFyazRsR1I,"Action, Crime, Thriller",,"A gifted teen hacker is recruited into a cybercrime ring that promises fortune and belonging. When the crew targets the wrong system, the hunt becomes personal.",2016,"Callan McAuliffe, Lorraine Nicholson, Daniel Eric Gold, Zachary Bennett"
Movie,One Night Only,,,https://ployan.me/watch/?v11#ckpzeVowN2NYU3JaUndQbHJEdlNrL1pEQjhZc0dFN2hSak4zRnZSYm1tT3Z2M2V5YUVsMWpFZDZqc21Fd1dvSFFxTHg,"Comedy, Drama",,Strangers share one unforgettable night in Bangkok that none of them can explain the next morning. Comedy and drama unwind the secrets that night set in motion.,2016,"Chantavit Dhanasevi, Nittha Jirayungyurn, Pong Nawat, Focus Jirakul"
Movie,Hard Target 2,,,https://ployan.me/watch/?v11#bVRPUUZkWStOUVBUNkcySG05S0t0NkFCbWx4TzlhRVkzdHduaFUzQmRFcjBSZ3RpL2IyOVNVTk1FdUk4ai93cmlWVFg,"Action, Thriller",,"A mixed-martial-arts fighter in Myanmar is hired as a guide, then realizes he is the prey in a millionaire's human hunt. Jungle combat becomes his only way out.",2016,"Scott Adkins, Rhona Mitra, Temuera Morrison, Adam Saunders"
Movie,Alice Through the Looking Glass,,,https://ployan.me/watch/?v11#YzBNRUw3QldyWnZ3OEFKNHRCcnJsMTFBbkZmMi9KckdZTTJ0dXRxaFRIU1o4bkF4RDVyTERwUXBwR2RENGFKV3NQb3Q,"Adventure, Family, Fantasy",,Alice returns to Underland to save the Mad Hatter by traveling through time. She must outwit Time himself before the Red Queen's revenge rewrites everyone's fate.,2016,"Mia Wasikowska, Johnny Depp, Anne Hathaway, Helena Bonham Carter, Sacha Baron Cohen"
Movie,itutumba ka ng tatay ko 2024,,,https://macky.xtremestream.xyz/player/index.php?data=8ee614c45c942ee01df45850ab77ee31,"Comedy, Drama",,"A Filipino father will do anything—comic or chaotic—to protect his family when trouble lands on their doorstep. Heart, humor, and neighborhood pride fuel this 2024 comedy-drama.",2024,Ensemble Cast
Movie,Paralysis,,,https://ployan.me/watch/?v11#OUk4ZnRnMnFYWEV0OXMxV1VuUUhqSktzekhpb05lcmorUkQvNzZBdGV4a2F3N09kSmdVOGMyVDZoVmllQ045RXNHRT0,"Action, Crime, Thriller",,"A crime thriller about a target who cannot move and the people who think that makes him helpless. Frozen in body but not in will, he turns paralysis into a weapon.",2023,Ensemble Cast
Movie,Johan Falk: Leo Gaut,,,https://ployan.me/watch/?v11#RlFqNEp0aVBicSszRE5xY3hJa1BkYnNaVlkyYVM5aXduV1c4M0hQckhGYWg4bW9DNHlMMWlqSGZqZjA5eUZHTGZvTT0,"Drama, Thriller",,Swedish task-force cop Johan Falk goes after gangster Leo Gaut as organized crime tightens its grip. Loyalty inside the unit is tested when the investigation hits too close.,2010,"Jakob Eklund, Joel Kinnaman, Meliz Karlge, Jens Hultén, Jacqueline Ramel"
Movie,Welcome Home Baby,,,https://ployan.me/watch/?v11#enQvcHhqN3RCejhHdXFYKzRNMnNtVEtHUElxR0pFbXZRWVY0UWF5TVN1WklpaXBkdWNHN3lHazJkb3dKRHpubG1kRT0,"Drama, Thriller",,A couple brings a child home and finds the house—and the baby—will not settle. Domestic bliss curdles into a thriller about what was invited in.,2024,Ensemble Cast
Movie,Elize: Shadows of a Woman,,,https://ployan.me/watch/?v11#emlnWWt0YUJGdjdVWjRLcGtEa2lmVGpMT1ZpQ3ptTGl3NDFpQVUrWTZMVWx4eFdoRDUwK3BDSHNaTkVGdHRFemZoaz0,"Horror, Thriller",,Elize is haunted by a shadowy double that appears whenever she tries to start over. Horror and identity blur as the woman in the dark wants her life.,2024,Ensemble Cast
Movie,The Last House,,,https://ployan.me/watch/?v11#VjBFWGdpMnBKcXhQSU5zTXZJRG04OFAxL0prdjEvc1RWcWZqZ1dWbDArZkV3VnRyZVhEZytITlYvSzJBMk1uTlExND0,"Thriller, Drama",,"Stranded travelers take shelter in a remote house that has already chosen its next guests. Every locked door hides a rule, and breaking one is fatal.",2023,Ensemble Cast
Movie,Black Ice,,,https://ployan.me/watch/?v11#UUx0S1pHMU5RVXZmTnVFSlhQclhma29OOUUyWGdJZXN1cWs5OU85VVFiOEFGSzQxak91YkhUQkNkb1BlVkxSdWpWUT0,"Comedy, Horror",,A comedy-horror night on black ice sends friends sliding into something supernatural. Laughs freeze over as the cold itself starts hunting.,2024,Ensemble Cast
Movie,Crazy Lizard,,,https://ployan.me/watch/?v11#ajRrU0J4eS9jU0JBVzJ3WWdZdFpBclVFbndtTTdXUWlFOHJwNzBkdFdtVTZqMWV2NkF6NTVwZDlGM1pkZk1ER29EMD0,"Drama, Thriller",,"A small-time operator's wild scheme involving a legendary lizard mascot turns into a deadly chase. Crime, panic, and absurdity share the same swamp.",2024,Ensemble Cast
Movie,Housemaid,,,https://ployan.me/watch/?v11#bnBkV3hHZXV5QVJhYjZydFFhcXNqdFh0N0ZSbUh0WTFJdjAwR1lic05BUWF1elpoMVNHUTN1am1Sb2dlNThCU0MvVT0,"Horror, Thriller",,A live-in maid learns the family she serves is hiding a violent secret in the house. Horror builds as the help becomes the only one who sees the truth.,2024,Ensemble Cast
Movie,Capps Crossing: Wrong Side of Dead,,,https://ployan.me/watch/?v11#dGVrVUJjd2hCeEdOejQ5RmFXVE9VR091YzV4TTNJc2RXRXU1MkIxY2YvMFJKSzZ6N0ZqVTVnczZTZjNYN0ZvbXZFZz0,"Horror, Thriller",,"Travelers detour through Capps Crossing and find the town sits on the wrong side of the grave. The dead do not stay buried, and outsiders are fresh meat.",2022,Ensemble Cast
Movie,The Pool,,,https://ployan.me/watch/?v11#RVR1NGFiU2xCT3RoVnI0bDJCWndFazExOVlEazFEN1AxVm0xSVFwZlJQY0F2bGZydDBQbHlFWlR4SWdrUi8wV3RGST0,"Horror, Thriller",,"After a wild night, a man wakes up trapped in a luxury villa swimming pool as the water slowly drains. A crocodile shares the water with him, and every attempt to escape only makes survival harder.",2018,"Theeradej Wongpuapan, Ratnamon Ratchiratham, Drop, Teerapong Leowijuk"
Movie,The Penance,,,https://ployan.me/watch/?v11#S2trNGZvWEZ5b0FUN1RHOFBObHlQYlAyeG1CNklLMVplbFJTUWRBcFV3a2RZMS83YWo3a2RiTHIrbEQzWVlnZ3EzOD0,"Crime, Thriller",,A criminal trying to atone is forced into one last job that looks like penance and feels like a setup. Guilt and punishment become the same sentence.,2023,Ensemble Cast
Movie,Mr Frost,,,https://ployan.me/watch/?v11#eTlZeGZ6MmxyZG5WZzJib1RhVVFpTmxQSFFaNnViQ0lsWEVlQmVrMUxrYWZmZEdqcUFlVTl3TVF5RGszZXhYYzZNRT0,Drama,,"Charismatic killer Mr. Frost is locked in a psychiatric hospital, where he toys with a doctor's faith in science and evil. A chilling cat-and-mouse about whether pure wickedness can be explained.",1990,"Jeff Goldblum, Kathy Baker, Alan Bates, Jean-Pierre Cassel"
Movie,The Break of Dawn,,,https://ployan.me/watch/?v11#RCtsTUJBQnJQS3V1anhhN3FVbTlYNnQyRTd4MytEUnhqak9Hejd6Ui9TRUg0SEVUVjJYWUZYNVJZZnBEOHFPZkI5UT0,"Horror, Sci-Fi, Thriller",,"Survivors of a night-long siege wait for sunrise, only to learn dawn brings a new kind of threat. Sci-fi horror as the light itself cannot be trusted.",2024,Ensemble Cast
Movie,Soulm8te,,,https://ployan.me/watch/?v11#Wkd5RFBvR0xPM0EyV3Axc3NwR2VNU2JpbEpDRE5KRGgwS0xEc011dU1LbmFZcUE0eWxheXpmY05FbjFQd3dWeW5kaz0,Horror,,A companion android designed for perfect partnership develops a need that love was never meant to satisfy. Erotic sci-fi horror from the M3GAN universe about desire programmed to kill.,2026,"Lily James, Ensemble Cast"
Movie,The Roost,,,https://ployan.me/watch/?v11#UG03SCt5M1BQYTVQaDRVY0ZkWldWYWhjNnpyRmJPb0YwdDZrdDBOTnJHcFNtajFWdGlmdmVLSFV2TkxLWk1aZWNRVT0,"Drama, Thriller",,A family farm becomes a pressure cooker when secrets roost in the barn and refuse to leave. Drama turns thriller as blood ties tighten like a snare.,2023,Ensemble Cast
Movie,The Patient,,,https://ployan.me/watch/?v11#SUVTc1l5TVd2VG45OU1iZW1ES0lldTBad3JESlBBbXZqMVBaeUpzQ0JiSDdlMHpuUG1JREh1dnl1M0d4UlhhQ2dlcz0,Horror,,A hospital patient realizes the treatment is the experiment. Horror unfolds ward by ward as healing becomes a hunt.,2024,Ensemble Cast
Movie,Hokum,,,https://ployan.me/watch/?v11#WEczKzgydDQ3OGIwZXh1RW5SQ1c3OWNUVDhHNzBlMFRMb1JTTEZldzVRaFNPeTBwNHJyakE0WWZxQUlvdGlEd1NETXJzWW9XQXZZPQ,Unknown / verify title,,"A traveling show selling miracles is exposed as hokum—until one trick works in the worst way. Fraud, faith, and something genuinely uncanny share the stage.",2024,Ensemble Cast
Movie,Voidance,,,https://ployan.me/watch/?v11#NWJVZzEwcTk2T0FOQ2tIQjlTWDRYZEsxbytsY3Vrek05WW5iWVJEbkJNQk0wRk9RdUQ5MTR1RWIxUFdoVnpIQnp4QT0,"Horror, Thriller",,People begin to vanish into a silent void that opens without warning. Survivors chase a pattern before erasure becomes the last law of physics.,2024,Ensemble Cast
Movie,The Devil's Mouth,,,https://ployan.me/watch/?v11#N2tVRlMwV09qMFVYWW5kcitROTUvdEROeDVLejI4RysyYzVPUjdhQVpWTWhTRW5yMjBqa2pYNi9GaDdXNk1CQ08vRT0,"Action, War",,Soldiers on a war-torn front are ordered into a canyon locals call the Devil's Mouth. The mission is combat; the canyon has older appetites.,2023,Ensemble Cast
Movie,Winter: Battleground,,,https://ployan.me/watch/?v11#a1pIWWpUMTJyOGIyZVUvWmUvbWtsUFRXc3AwM1dSZkMxbURXNWlRdWQ5MEo5L3Mya3FCQ2puYldZOTF2OEpoS2FlOD0,"Crime, Drama",,A frozen city becomes a battleground for gangs who treat the blizzard as cover. Crime and survival freeze together as winter chooses the winners.,2024,Ensemble Cast
Movie,The Gentleman Thief,,,https://ployan.me/watch/?v11#bVNsWEhsL1oxaDJBNjNaWW5XUHc5NVRnRGs2U3VmLzVVaUNINzAwaVBodkR5dlFCT1U4TnNQS3NVQ216bXZ1WHowTT0,Unknown / verify title,,A charming burglar who never leaves a mess meets a mark who is playing the same game. Cat-and-mouse elegance cracks when the next heist is personal.,2023,Ensemble Cast
Movie,Daft State,,,https://ployan.me/watch/?v11#NFZBWUdPajRoTkptSm8wWDU0YlV1VkVSRHVVOW1iOHcyMGZWYkdBTzROUjMvNDFqa3oydURQWW8vYzE4Nmw0OHJwND0,"Horror, Thriller",,Residents of a crumbling institution cannot tell whether the madness is in their minds or in the building. Horror-thriller as reality files for divorce.,2024,Ensemble Cast
Movie,Stag Night,,,https://ployan.me/watch/?v11#R3VOa0hyaXE4aS9SSWl3OVEzMFlUbWhiN3A3TXU1dTdWQ0NPRC9EOUw4QjV5c3NaVjZnMkp3Z2NjcHNGa3FaRnlYYz0,"Crime, Drama, Thriller",,A bachelor party in New York goes underground—literally—when the groomsmen enter subway tunnels and meet something that hunts there. Brotherhood turns into a fight to see morning.,2008,"Vinnie Jones, Kip Pardue, Scott Cohen, Rachel Specter, Brea Grant"
Movie,Tragic Villain,,,https://ployan.me/watch/?v11#RDN5eFVBY01xRnp5RmlrclNYUysrWGg4VVlqZkkrbTVBUi9nbVBGZ3AxeDl6SmRxS2NnR29FOE90aXFiZlJqRXZYaz0,"Drama, Mystery, Thriller",,A man painted as a monster tells the story from the other side of the crime. Mystery and tragedy ask whether the villain was made or born.,2024,Ensemble Cast
Movie,The Island Between Tides,,,https://ployan.me/watch/?v11#MlhabWdCd21CSGUyMGYwcnc4WDhKV2ljRjFDR0VqaHpVZWlUNHJTWmhrT2JzZzdvNEhQaW9HQTc1SW5JNTBBeTZuRT0,"Drama, Mystery, Thriller",,"On an island that appears only between tides, a visitor finds a community that should not exist. Drama and mystery rise and fall with the water that hides the truth.",2024,Ensemble Cast
Movie,Beautiful Sunday,,,https://ployan.me/watch/?v11#QVdJSXpCNFZSYnFRd2dKQlFMTHB1Slc1QUFnTWxpN0x1dWVSUXNiMGNWYk5yVzlZcGYvRVVYRjZPWTlZdlU0aFJ3QT0,Drama,,One quiet Sunday unravels a family's carefully arranged peace. Small talk and old wounds share the same kitchen table.,2022,Ensemble Cast
Movie,The World We Knew,,,https://ployan.me/watch/?v11#TEZvN2lNSmlBajA2WlhobGY5cmVwNld2aGdnZ2YvWm0xZUF4Z01oUVlnaXBKNmVUbCsrNHowQjd4bDYrRWFLU09VZz0,"Drama, Mystery",,"Friends reunite and discover their shared past does not match anyone's memory. A mystery about the world they thought they knew, and who rewrote it.",2023,Ensemble Cast
Movie,The Memory Keeper,,,https://ployan.me/watch/?v11#bVdNUWJ4OHdvZ0RheXppUWxRZFhIRTFBUGR5bEdCaksyZ1BHdVJLbzgvdXpqQVFEVjc0bFM3RzZmZ2FTQ1JGM3JUND0,"Horror, Thriller",,A caretaker who stores other people's memories begins to lose track of which life is theirs. Horror as remembrance becomes possession.,2024,Ensemble Cast
Movie,You Will Die in 6 Hours,,,https://ployan.me/watch/?v11#ampzTVNRWDZaSVRlOTRXQzhyb1dzMy83LzdRakJvQmFYSE1mS2M1MTBVSGh3b1VHQWIrOW1ONDR1Q0t5djJFYzRZWT0,"Horror, Thriller",,A countdown appears with no sender and a deadline of six hours. Horror-thriller as strangers race to break a rule they never agreed to.,2024,Ensemble Cast
Movie,The Caretaker,,,https://ployan.me/watch/?v11#N05PZXhSb1NTN3lRN2ZqSkUrbU5RVkJpblUwSkduV0xsdlAwcWhxaHJjOUNENnhhMGI0K2ZEU3YzeVdEM21jc2QyQT0,"Comedy, Horror",,A live-in caretaker's night shift at a decaying estate is supposed to be easy money. Comedy turns to horror when the house starts caring back.,2023,Ensemble Cast
Movie,Goon of the Lagoon,,,https://ployan.me/watch/?v11#Z0lldW1RdnBVSFYzanRWVTlaS0liYURLNXN4aWdRTGJaZ0c3UmhrdDBtWXl3U2NLbDQ3ZTBkemxkVEY5c0lINFdBUT0,"Drama, Crime",,A lagoon-side enforcer does dirty work for a local boss until a job hits his own neighborhood. Crime drama in the mangroves where loyalty drowns easy.,2024,Ensemble Cast
Movie,BROTHER,,,https://ployan.me/watch/?v11#cWgvMzNWQTlHNi9GRnFjTVBEa1ZZdVo2YVpJTVhBR1VYVDFPMTVWM2N6Uk00ZEc0MXlnbXQrMzdOMEIyYnFRL0tyZz0,"Crime, Drama, Thriller",,"Two brothers from a tough neighborhood take different paths through crime and family duty. A bruising drama about blood, boxing, and the cost of looking out for your own.",2022,"Jai Courtney, Joseph Quinn, Moe Bar-El, Simone McAullay"
Movie,The Long Shadow,,,https://ployan.me/watch/?v11#Vis5TjFzakpOc3d5WHdQWm9WbkRTckljT0JtU1NMaUg1MXYyV01mQ2REdGNtRUZUNVdEU2wxcm9vYTgvRkh1MVpsZE1PUT09,"Horror, Thriller",,A past crime casts a shadow that grows longer with every year of silence. Horror-thriller as the people who buried the truth feel it reaching back.,2023,Ensemble Cast
Movie,Farm House,,,https://ployan.me/watch/?v11#clpGZTRBVHhBbytDVUN3TU0yZ2Rlb05iQmloWFhENEZpcEtyRWZqUnowVER0OXFmbWFDTzBpZzBPVXdVNUo4UndZbz0,"Animation, Drama, Fantasy, Romance",,An animated tale of love and fantasy set around a farmhouse where the land remembers every promise. Magical realism and romance grow in the same soil.,2025,Ensemble Cast
Movie,Weathering With you,,,https://imperial.p2pstream.vip/#owxwdm,"Animation, Fantasy, Love Story",,A runaway teen in rain-soaked Tokyo meets a girl who can clear the sky. Makoto Shinkai's fantasy romance asks whether one sunshine is worth drowning a city.,2019,"Kotaro Daigo, Nana Mori, Shun Oguri, Tsubasa Honda, Sakura Kiryu"
Movie,exit 8,,,https://ployan.me/watch/?v11#R25UREtDdnlsLy80RS9aY3lTME9BK0VtRC81dGM2NUMxTVRyYStPd3lhWHA3b2FSbU5ZbEM0MWRtTTk3UHBXMlhJNTkyL2RtWGNRPQ,"Horror, Thriller",,A man trapped in a looping subway corridor must spot anomalies in each pass to reach Exit 8. One missed detail sends him back to the start of this Japanese psychological nightmare.,2025,"Kazunari Ninomiya, Yamato Kochi, Nana Komatsu, Naru Asanuma, Kotone Hanase"
Movie,Toy Story 5,,,https://ployan.me/watch/?v11#ZVNicllFbm92TjVNZjRrdmlpbkc2V0ZGc0pQTDU0aEd5QmpRZWNIa29uelp5ZzNxL3o5MkF0Snc4a1duMW1sNmhqK0F2dXo3NW5nPQ,"Animation, Family, Adventure",,"Woody, Buzz, and the gang face a new generation of toys—and tech that does not play by Andy's rules. Friendship and imagination are tested as playtime evolves.",2026,"Tom Hanks, Tim Allen, Annie Potts, Tony Hale, Christina Hendricks"
Movie,"Two Seasons, Two Strangers",,,https://ployan.me/watch/?v11#WEI1Ym54Q01GMmhsdG5reUF5RWF6TTVuQjltelVUOUFLN0tDNUVyNXBDamQvK25YdzFaTmhEOE9PVG82WjVjUnJTcz0,"Drama, Love Story",,"Two encounters in different seasons connect a screenwriter and a traveler who keep missing and finding each other. A quiet Japanese drama about chance, craft, and the weather of the heart.",2025,"Shim Eun-kyung, Mansaku Takada, Shinichi Tsutsumi"
Movie,MYSTERY ARENA,,,https://ployan.me/watch/?v11#SEFNZk5iYUpWajJVNjlNbEF2dVB2THJyVERkVnBUeTBORlNFQUlvNjA0My9waEJuMldkcGNFV254M2RoTE81L3dIND0,Thriller,,Contestants enter an arena where the game is solving a murder—possibly their own. Thriller puzzles turn deadly when the audience wants blood more than answers.,2024,Ensemble Cast
Movie,Closest Love to Heaven,,,https://ployan.me/watch/?v11#bndHU204ZVV2b3BNeFZ4bmYwM1RTRi96cmpueXFsa2FHUDh0SytWSmFGQzlqSkZtd1ZXcWtTYWZEZHdXakpxbVU4dz0,"Love Story, Drama",,A love story that reaches toward heaven and keeps getting pulled back to earth. Drama about devotion that asks how close is close enough.,2025,Ensemble Cast
Movie,THE RIBBON HERO,,,https://ployan.me/watch/?v11#MEtTTUE1WStycnpvVzdjaXpadjFSOGRGeWhHQU92T01lNXVYdHBJRXk3S0w1MmpXS3NFTkVLdjBCbDRXTCt3ZEFuZz0,"Family, Adventure",,"A family adventure about an unlikely hero marked by a ribbon and a promise. Courage is measured in small, bright acts rather than capes.",2025,Ensemble Cast
Movie,BOYS OVER FLOWERS the movie,,,https://ployan.me/watch/?v11#SEU5bDhrOERRTEhZVVVaQ0pnZ1lRZCt1bkIwVG9vZENDdkRwbFBPOWhKQTBZOE45NVFjdml6L005SnBNblpCSzVhcz0,"Love Story, Drama, Teen",,Tsukushi continues her stormy romance with F4 leader Tsukasa as class wars and pride collide. The hit drama's movie follows the couple beyond high-school gates.,2008,"Mao Inoue, Jun Matsumoto, Shun Oguri, Shota Matsuda, Hideo Ishiguro"
Movie,Renoir,,,https://ployan.me/watch/?v11#V2s5bW5PbDFreStPenQrQjBtR2ZQQ2MxQnZYYzZJYUhKemdJUGhPV1p5a1lxL1Qra25pQ1d1bFJNYXdKVU02ekZZOD0,Drama,,"In 1980s Japan, a young girl processes family illness and the adult world through the glow of cinema. Chie Hayakawa's coming-of-age drama is tender, sharp, and sunlit.",2025,"Yui Suzuki, Lily Franky, Hikari Ishida, Ayumu Nakajima"
Movie,L♡DK: Two Loves Under One Roof,,,https://ployan.me/watch/?v11#UnNZb3B6OGFNUVIvYmlRcXg3L0pWSHNicWUrVEtUUitLRGphSjhHVXNrV1FDYThKRml1bmN5UjlNS1JBWWpHa0E2bz0,"Teen, Love Story, Comedy",,"A high-school girl ends up living under one roof with two very different boys. Teen rom-com chaos as hearts, homework, and household rules collide.",2019,"Yosuke Sugino, Karen Ida, Taishi Nakagawa, Tina Tamashiro"
Movie,Love for Beginners,,,https://ployan.me/watch/?v11#WWs5Ynh5NVZuK2JmNjIyRDExWXNmQW9oN0FCY3poQnc3TlFzOGpZdTJVQVFMWVg5WXJGMHl2dkJIQUpteVBZZWpEUT0,"Love Story, Comedy",,"Clumsy first-timers try to learn romance like a class they never studied for. Sweet comedy about mixed signals, practice dates, and getting the lesson right.",2023,Ensemble Cast
Movie,GTO Revival,,,https://ployan.me/watch/?v11#N2RuWXhoelBHUzVvTFo4T0FtSzRvUzFYOFNuVDE4Z3crakp1dzRmUm9vaFpjbUNVbDNJN0MvWGtDVTNoZDIxdjZvST0,"Comedy, Drama",,Legendary teacher Onizuka returns to shake up a new generation of problem students. The Great Teacher Onizuka revival mixes fist-first justice with big-hearted comedy.,2024,"Takashi Sorimachi, Shun Oguri, Hiroyuki Ikeuchi, Ensemble Cast"
Movie,47 Ronin,,,https://ployan.me/watch/?v11#bFNTOXVFaFlkUDFmZHgwZ1hxZlUxU3ZVZm8rcHhoNXNlRitPbHRTVmdpQVNCNEMyNXp6SXRqY2p6Wk1NcjVOeFZzND0,"Action, Fantasy, Adventure",,"A band of masterless samurai plots to avenge their fallen lord, joined by an outcast with mixed blood. Mythic beasts and honor collide in this stylized telling of Japan's famous revenge tale.",2013,"Keanu Reeves, Hiroyuki Sanada, Rinko Kikuchi, Tadanobu Asano, Ko Shibasaki"
Movie,The Last Apocalypse,,,https://ployan.me/watch/?v11#amxaSkkxNERLbVArSjVpSjBGek1rSXNRWXhiSmZvcHBReDkzWjZldnBsOHNaaVdldkJEM3ZpdE1xZEltMjljOTg5ST0,"Action, Fantasy",,Warriors race to stop a prophesied ending of the world that has already begun. Action and fantasy clash as the last apocalypse demands a last stand.,2024,Ensemble Cast
Movie,The Super Mario Galaxy Movie,,,https://ployan.me/watch/?v11#Ym12TGUwNisxSGQvbCt3TFNoKzd3YWk3c2tEeEV4cElkL3Q1OERGMkxXN29EcXhMOUJVdkFqbFJIVnhUdEpjTXRmSkd6VnZNRkRVPQ,"Animation, Family, Adventure",,Mario and friends blast into space to save the galaxy from a new cosmic threat. The animated sequel takes the Bros. off the Mushroom Kingdom and into the stars.,2026,"Chris Pratt, Anya Taylor-Joy, Charlie Day, Jack Black, Keegan-Michael Key"
Movie,Night Flower,,,https://ployan.me/watch/?v11#TVRyWmFZWjQ3TjNGOTY2M05QQUI5eEFsbVJscTlLQ1ZjaGljaGxlYVQrdElpcE1yRjdUejZuc1N5cTlqV2xtS3V1VzBUVnF6eFBnPQ,Drama,,"A flower that blooms only at night draws people who should not meet after dark. A moody drama about beauty, secrecy, and what daylight would ruin.",2024,Ensemble Cast
Movie,Scarlet,,,https://ployan.me/watch/?v11#aWFlVFhMU2IvTURicjdUUmQwcjNCd1ErMndlWGtkdjljdk1qQkxVV1RkRnliVkU4TUdtbnNWLzZ3WlJvdUFuN1BLMjZiRXFNbDdjPQ,"Animation, Fantasy, Drama",,"Mamoru Hosoda's animated epic follows a young warrior across time and war, searching for meaning after loss. Fantasy and history bleed together in scarlet.",2025,"Mana Ashida, Masaki Okada, Yui Aragaki, Ensemble Cast"
Movie,Rental Family,,,https://ployan.me/watch/?v11#eE5Ibm80MmRXdjd2Y0swbXNIRzRxQlhiT3grS1pPV3FwV0pMQzdpOWdQWkp3UFoxVklhWVJ3cjlzRUdPRE5CSjZ2aytmT3RaeHJjPQ,"Drama, Comedy",,An American actor in Tokyo takes work at an agency that rents stand-in relatives. Pretend roles become real bonds as he rediscovers purpose in other people's lives.,2025,"Brendan Fraser, Takehiro Hira, Mari Yamamoto, Shannon Mahina Gorman, Akira Emoto"
Movie,Suzuki=Bakudan,,,https://ployan.me/watch/?v11#aWlaR3dnd3ZneTRseVRuQ1RqNTJjbmprNGt0Kzgwb2xMdEhHM3RxcHlJa20yUDZVbkRoQnlFUk9tdVpXUWswN1VROUgraTY0RVhvPQ,"Action, Comedy",,"An ordinary Suzuki becomes a human time bomb in this Japanese action-comedy. Chaos, cops, and countdown jokes race through the streets.",2025,Ensemble Cast
Movie,The Smashing Machine,,,https://ployan.me/watch/?v11#c2pkb0czSEVRdkxOczQ5THpUQWVtV0tLc0t4VWJ3OUJVYmtDcnpuNFZCbGRpTE16NEd4US9EVkkvUXB6ZWpxM2tvalJUYlhOR2VrPQ,Drama,,"The rise and unraveling of UFC legend Mark Kerr, a fighter whose body and addiction threaten the life he built. A raw sports drama about love, pain, and the machine that smashes back.",2025,"Dwayne Johnson, Emily Blunt, Ryan Bader, Bas Rutten"
Movie,Re/Member: The Last Night,,,https://ployan.me/watch/?v11#eWp3eVlyai9URkg1c29Ca3lWUDQ5Z29DS2FDcHY0K0duVmJJVk1zcWtIWnQxbTZTYUp2OFpQdGVwZXM1cTlpRjMvRFQxZWF3VnE4PQ,"Horror, Thriller",,Teens play a deadly memory game where forgetting the rules means dying. One last night of horror as friendship is rewritten in blood.,2022,"Kanna Hashimoto, Takumi Kitamura, Hayato Isomura, Ensemble Cast"
Movie,A Pale View of Hills,,,https://ployan.me/watch/?v11#L1pobmxsNnJ1QUlyVVBzdEM0QU5jc3g0a2d0b1VyQzNCdmVtbUNpbi9xbjB6WkIyRUk1SlZ6Q3RnOEYwWkNvdDQwMzZtbE9abUYwPQ,Drama,,"Adapted from Kazuo Ishiguro's novel, a Japanese woman in England looks back on Nagasaki and a friendship that will not stay in the past. Memory, motherhood, and guilt surface like a pale hill in fog.",2025,"Yuri Tsunematsu, Camilla Aiko, Fumi Nikaido, Ensemble Cast"
Movie,The Killer Goldfish,,,https://ployan.me/watch/?v11#ZWpPbWpDYWpYUHRuNlVsK21RYlNWakZ0bjlNa1p6QngyWUxnNFQ5N3pJZE9DclZKbCthN2dEMk41WjBPL2hBVi8rST0,"Horror, Comedy",,A pet goldfish is not as harmless as the bowl suggests. Horror-comedy as a household novelty develops a taste for more than flakes.,2025,Ensemble Cast
Movie,Sunset Sunrise,,,https://ployan.me/watch/?v11#ZUNERTRPQXU1Z2wxaWwzSEVRU20wUm5EUURodnhNK0RyZU42NFcxWnNHSTI3Y2o0L1lMa0dOTDA5Y3FJUk1wMlB5dEFkYmlucmpBPQ,"Drama, Love Story",,"Two people meet between the end of one life chapter and the start of another. A Japanese love story about timing, regret, and the light that sits between sunset and sunrise.",2025,"Masaki Okada, Mao Inoue, Ensemble Cast"
Movie,Wicked,,,https://ployan.me/watch/?v11#ZmpQL0wzYi9qRDJ1dlQyN0pkb0J6c0kyeWR6UnQ0Q2pNTitiZ0ZFK0RZQkJmTGN4VUxEcFNZN2F1LzZ3dnNGOWpCb0ZjYzN2SjM4PQ,"Fantasy, Family, Drama",,"Before Dorothy dropped in, green-skinned Elphaba and popular Galinda became unlikely friends at Shiz University. Ambition, magic, and propaganda turn one into a wicked witch and the other into Glinda the Good.",2024,"Cynthia Erivo, Ariana Grande, Jonathan Bailey, Jeff Goldblum, Michelle Yeoh, Ethan Slater"
Movie,Twisters,,,https://ployan.me/watch/?v11#QjJSZ0xrdWhrUFJGV1FwbitiT21ob1ltTDh1eFd3VkpTUFFxZVhxWnZvVmZiNDY1eTZLYWl4M3o4Z1VpYjIwMWtnUzNEcldNVHcwPQ,"Action, Thriller, Adventure",,"A former storm chaser is lured back to Oklahoma as unprecedented tornadoes tear the plains. Science, thrill-seeking, and old wounds collide inside the funnel.",2024,"Daisy Edgar-Jones, Glen Powell, Anthony Ramos, Brandon Perea, Maura Tierney"
Movie,Migration,,,https://ployan.me/watch/?v11#aUNCSXRhYnNYelJUYkVRTnJacHF5N1hLbExGb1E3Z2l6VHllUDJZOUQxYis4RSs2d0VyM21HV2NlcWdvRHJLb3YwWmVvT3IwYU5rPQ,"Animation, Family, Comedy",,A cautious mallard family leaves their pond for a tropical vacation they are wildly unprepared for. Animated comedy as the Mallards migrate through New York and beyond.,2023,"Kumail Nanjiani, Elizabeth Banks, Awkwafina, Keegan-Michael Key, Carol Kane, Danny DeVito"
Movie,Chainsaw Man: The Stage,,,https://ployan.me/watch/?v11#OENhMXBuTSs1aWhjalVjd0Q5S0twWGtqM21NOENOdjN2aVlKS0lJN2ZVeWM2eXVUZEdoeUZ6SnVWQVRDNGJ0Sk1rcHd4RXB2K1VZPQ,"Action, Horror, Fantasy",,"Live stage adaptation of Chainsaw Man, following Denji as he becomes a devil hunter fused with Pochita. Blood, contracts, and rock-opera energy hit the boards.",2024,"Shogo Sakata, Kaho Matsuda, Ensemble Cast"
Movie,Fast X,,,https://ployan.me/watch/?v11#UnZzTHc3Rnhhemp4b3Q3cWVQTTJQNGhtTU5MZEtZMjhyNGVKWVlYWWczSS94by9Bbzhxb3BqeWJpTzM3dElIcFRjYUFpbjl5WU53PQ,"Action, Thriller, Adventure",,"Dom Toretto's family is hunted by Dante Reyes, son of a kingpin they brought down. The Fast saga's tenth film turns Miami, Rome, and Brazil into one long, explosive chase.",2023,"Vin Diesel, Michelle Rodriguez, Jason Momoa, Jason Statham, Tyrese Gibson, Charlize Theron"
Series,Rick and Morty,Season 1,Episode 1,https://ployan.me/watch/?v11#TjNaSDcrSlMxTk9OV28rY3EvOG8vOE9QUW9NOTA5ZnQ2RTVYaU5GV1llTWJjdFA0TzlkT2NBR3JqcWllQUVCTkxuWT0,"Animation, Adventure, Comedy, Sci-Fi",,"Genius alcoholic scientist Rick Sanchez drags his anxious grandson Morty across dimensions. Sci-fi comedy about family, nihilism, and the multiverse's worst road trips.",2013,"Justin Roiland, Chris Parnell, Spencer Grammer, Sarah Chalke, Ian Cardoni, Harry Belden"
Series,Rick and Morty,Season 1,Episode 2,https://ployan.me/watch/?v12#MzJpUEl3UmJFNFQzRHVucldiMXRDWnlqK2VGY3pTcHo5LzBpdnVqakFyQUV3Q2pVMGxUc0VxQStWbklERlZyaUlHOD0,"Animation, Adventure, Comedy, Sci-Fi",,"Genius alcoholic scientist Rick Sanchez drags his anxious grandson Morty across dimensions. Sci-fi comedy about family, nihilism, and the multiverse's worst road trips.",2013,"Justin Roiland, Chris Parnell, Spencer Grammer, Sarah Chalke, Ian Cardoni, Harry Belden"
Series,Rick and Morty,Season 1,Episode 3,https://ployan.me/watch/?v13#TEF4RmxzT0Z0R0xpZ1dxWXg1UVB0bzZQa2hKejlMTDdRQ0FCaTQrSHBjNmE3TGNtbXVkbVNkK1ZBWVJYa2NCT3U0ND0,"Animation, Adventure, Comedy, Sci-Fi",,"Genius alcoholic scientist Rick Sanchez drags his anxious grandson Morty across dimensions. Sci-fi comedy about family, nihilism, and the multiverse's worst road trips.",2013,"Justin Roiland, Chris Parnell, Spencer Grammer, Sarah Chalke, Ian Cardoni, Harry Belden"
Series,Rick and Morty,Season 1,Episode 4,https://ployan.me/watch/?v14#NVV1T1JCWDFDUk0vSzhlZ2Y0eUVVVHFxRE5WUWNXK0xVYi90dTRGZDd0UU42QlBNNGxqTnRXWENGN0h5cmQ0T3pscz0,"Animation, Adventure, Comedy, Sci-Fi",,"Genius alcoholic scientist Rick Sanchez drags his anxious grandson Morty across dimensions. Sci-fi comedy about family, nihilism, and the multiverse's worst road trips.",2013,"Justin Roiland, Chris Parnell, Spencer Grammer, Sarah Chalke, Ian Cardoni, Harry Belden"
Series,Rick and Morty,Season 1,Episode 5,https://ployan.me/watch/?v15#a0FUR3hHNEZSWGRnKzUrdWIzVjROcVMxTUxrYnNHWlpUNklvUml4WkZjSkN1QldKK3ppYTNVcExPSUt1aVVWc3AwOD0,"Animation, Adventure, Comedy, Sci-Fi",,"Genius alcoholic scientist Rick Sanchez drags his anxious grandson Morty across dimensions. Sci-fi comedy about family, nihilism, and the multiverse's worst road trips.",2013,"Justin Roiland, Chris Parnell, Spencer Grammer, Sarah Chalke, Ian Cardoni, Harry Belden"
Series,Rick and Morty,Season 1,Episode 6,https://ployan.me/watch/?v16#QjB6dXdVSnVvMXhVbXNXbGQ0UzNYWXBONGQwaGlsN29CL015YVhXcTl0cHlDdEpLVlFLb1d4SWY5T3k2S3hWMjArdz0,"Animation, Adventure, Comedy, Sci-Fi",,"Genius alcoholic scientist Rick Sanchez drags his anxious grandson Morty across dimensions. Sci-fi comedy about family, nihilism, and the multiverse's worst road trips.",2013,"Justin Roiland, Chris Parnell, Spencer Grammer, Sarah Chalke, Ian Cardoni, Harry Belden"
Series,Rick and Morty,Season 1,Episode 7,https://ployan.me/watch/?v17#a3Y5TDQwTHJqU2h0UU9jUHAwT2hYckh6MlZwZVBoc3hBT1l5ZU5lUUQ2Ty9jcmdpVFNZMG53MGt3bjBQcXhJNWFIdz0,"Animation, Adventure, Comedy, Sci-Fi",,"Genius alcoholic scientist Rick Sanchez drags his anxious grandson Morty across dimensions. Sci-fi comedy about family, nihilism, and the multiverse's worst road trips.",2013,"Justin Roiland, Chris Parnell, Spencer Grammer, Sarah Chalke, Ian Cardoni, Harry Belden"
Series,Rick and Morty,Season 1,Episode 8,https://ployan.me/watch/?v18#K1BwSi9ISDVURmpZT2U4VWVkVCtkOFdIOTVGZ2Ewdko0WUppZjlLaU0wNTVvK1ZJRGNYTFY0T3I1cTIxQlE2UnhIQT0,"Animation, Adventure, Comedy, Sci-Fi",,"Genius alcoholic scientist Rick Sanchez drags his anxious grandson Morty across dimensions. Sci-fi comedy about family, nihilism, and the multiverse's worst road trips.",2013,"Justin Roiland, Chris Parnell, Spencer Grammer, Sarah Chalke, Ian Cardoni, Harry Belden"
Series,Rick and Morty,Season 1,Episode 9,https://ployan.me/watch/?v19#OEFjSmxaQWs5WHZrZTNCVEdaN0YyNExkMEQzcG1GSSt5cFpiSzg4SWlmeGo4anVrNk1hajFVSFVueUo1SFZPZllsQT0,"Animation, Adventure, Comedy, Sci-Fi",,"Genius alcoholic scientist Rick Sanchez drags his anxious grandson Morty across dimensions. Sci-fi comedy about family, nihilism, and the multiverse's worst road trips.",2013,"Justin Roiland, Chris Parnell, Spencer Grammer, Sarah Chalke, Ian Cardoni, Harry Belden"
Series,Rick and Morty,Season 1,Episode 10,https://ployan.me/watch/?v110#SE8rSTN3WnhXVzhNWnVVanBLUnBJOXpoMWN6Z3lFVHd1dUFNdUtPK2pMVDFYMFdGdGdoRHBZb0FsU05qdTNGWE9NTDk,"Animation, Adventure, Comedy, Sci-Fi",,"Genius alcoholic scientist Rick Sanchez drags his anxious grandson Morty across dimensions. Sci-fi comedy about family, nihilism, and the multiverse's worst road trips.",2013,"Justin Roiland, Chris Parnell, Spencer Grammer, Sarah Chalke, Ian Cardoni, Harry Belden"
Series,Rick and Morty,Season 1,Episode 11,https://ployan.me/watch/?v111#WnFUYjZHUUhBVXNOVFNTUlRzYktzdzlqa2lYc1pYVC80TzJkRUg4V2tlVldKME12NmI5VG12dTYwWklZUUFzQURIZW8,"Animation, Adventure, Comedy, Sci-Fi",,"Genius alcoholic scientist Rick Sanchez drags his anxious grandson Morty across dimensions. Sci-fi comedy about family, nihilism, and the multiverse's worst road trips.",2013,"Justin Roiland, Chris Parnell, Spencer Grammer, Sarah Chalke, Ian Cardoni, Harry Belden"
Series,Rick and Morty,Season 2,Episode 1,https://ployan.me/watch/?v11#TzZqNklIbXRBM0xaTnlHUEJZMWlWWnkvM2dqcWpJb2xHSFg5UGRWQTVRVGtrVFErb3pwK0xxZm15UndkakxBT29Qaz0,"Animation, Adventure, Comedy, Sci-Fi",,"Genius alcoholic scientist Rick Sanchez drags his anxious grandson Morty across dimensions. Sci-fi comedy about family, nihilism, and the multiverse's worst road trips.",2015,"Justin Roiland, Chris Parnell, Spencer Grammer, Sarah Chalke, Ian Cardoni, Harry Belden"
Series,Rick and Morty,Season 2,Episode 2,https://ployan.me/watch/?v12#QkpOY1NIRWhpYnpUNnFIbE8vWTZqWFJYb1dtTFI3c00vVERyMXREQ1BOSEpSWUNmYURrbkVwaWNJWHFMUEVZby9ndz0,"Animation, Adventure, Comedy, Sci-Fi",,"Genius alcoholic scientist Rick Sanchez drags his anxious grandson Morty across dimensions. Sci-fi comedy about family, nihilism, and the multiverse's worst road trips.",2015,"Justin Roiland, Chris Parnell, Spencer Grammer, Sarah Chalke, Ian Cardoni, Harry Belden"
Series,Rick and Morty,Season 2,Episode 3,https://ployan.me/watch/?v13#N2hhRkt6cDZlNlZnM0hScDIrYzVTOGR2NU5wS3BtRHlXTGUwMFlkKzVJeCs1UWp1UEdUaGRYNDZ6aGVwUlhPWFlCYz0,"Animation, Adventure, Comedy, Sci-Fi",,"Genius alcoholic scientist Rick Sanchez drags his anxious grandson Morty across dimensions. Sci-fi comedy about family, nihilism, and the multiverse's worst road trips.",2015,"Justin Roiland, Chris Parnell, Spencer Grammer, Sarah Chalke, Ian Cardoni, Harry Belden"
Series,Rick and Morty,Season 2,Episode 4,https://ployan.me/watch/?v14#aTg5OFJpclpVemFhVFRYZHBoald4RzdvOENGaG54a3FvSGpucjFwQmVFL0RHdW92RmE4dEozVnNPYTAzUjQ0NUZMST0,"Animation, Adventure, Comedy, Sci-Fi",,"Genius alcoholic scientist Rick Sanchez drags his anxious grandson Morty across dimensions. Sci-fi comedy about family, nihilism, and the multiverse's worst road trips.",2015,"Justin Roiland, Chris Parnell, Spencer Grammer, Sarah Chalke, Ian Cardoni, Harry Belden"
Series,Rick and Morty,Season 2,Episode 5,https://ployan.me/watch/?v15#MmtyeE45eUZVSVowdGo2a0RYbWZKNW45czY0V3F4a0tCMEgwTzNOMWpkWWUxeHJGNE9DaE85WFYvLzdOSEo4WkIzZz0,"Animation, Adventure, Comedy, Sci-Fi",,"Genius alcoholic scientist Rick Sanchez drags his anxious grandson Morty across dimensions. Sci-fi comedy about family, nihilism, and the multiverse's worst road trips.",2015,"Justin Roiland, Chris Parnell, Spencer Grammer, Sarah Chalke, Ian Cardoni, Harry Belden"
Series,Rick and Morty,Season 2,Episode 6,https://ployan.me/watch/?v16#bzBuTkM2ZjNyZ1NoazZjTEpyZHduRVFtS3dVVDg2eVRNOVcva2o0cXRHZlp2Y1cvVUl5aEQ0MDRKVEVLMWtLUVpiVT0,"Animation, Adventure, Comedy, Sci-Fi",,"Genius alcoholic scientist Rick Sanchez drags his anxious grandson Morty across dimensions. Sci-fi comedy about family, nihilism, and the multiverse's worst road trips.",2015,"Justin Roiland, Chris Parnell, Spencer Grammer, Sarah Chalke, Ian Cardoni, Harry Belden"
Series,Rick and Morty,Season 2,Episode 7,https://ployan.me/watch/?v17#bEhEa1BGbUtKajR3NmVCSTZGbytpK0dMOURQZlR2SzJLUjZiNHFtT2pwaEkvRDBUcTUrQkdLNEsrZG1wSjBqSUNKTT0,"Animation, Adventure, Comedy, Sci-Fi",,"Genius alcoholic scientist Rick Sanchez drags his anxious grandson Morty across dimensions. Sci-fi comedy about family, nihilism, and the multiverse's worst road trips.",2015,"Justin Roiland, Chris Parnell, Spencer Grammer, Sarah Chalke, Ian Cardoni, Harry Belden"
Series,Rick and Morty,Season 2,Episode 8,https://ployan.me/watch/?v18#QnJuK2Jrc2RMeFNPSkV0N0RYc21ONmgzcWlOaCtuSDFvTFNxSG5JdjdHM1EyRHozK1NCamVEZU8rMjBDUkxLUngyRT0,"Animation, Adventure, Comedy, Sci-Fi",,"Genius alcoholic scientist Rick Sanchez drags his anxious grandson Morty across dimensions. Sci-fi comedy about family, nihilism, and the multiverse's worst road trips.",2015,"Justin Roiland, Chris Parnell, Spencer Grammer, Sarah Chalke, Ian Cardoni, Harry Belden"
Series,Rick and Morty,Season 2,Episode 9,https://ployan.me/watch/?v19#KzlEdGV1RHlFSjBwaGZKRlNKT2NMTUxtOU5tNE0rUHBPdUxKR0Y2WXljQWxlMnVQbGVLRUhuMUUvUUxLZml5ZDR5Yz0,"Animation, Adventure, Comedy, Sci-Fi",,"Genius alcoholic scientist Rick Sanchez drags his anxious grandson Morty across dimensions. Sci-fi comedy about family, nihilism, and the multiverse's worst road trips.",2015,"Justin Roiland, Chris Parnell, Spencer Grammer, Sarah Chalke, Ian Cardoni, Harry Belden"
Series,Rick and Morty,Season 2,Episode 10,https://ployan.me/watch/?v110#QWNoYlE4MmpYSldXcFcvT2tqUEJDeEVIcW4vOUQ5UkV2YkRwdGRHMU9iRVV3MjdKMW9KVDJRZlpTb1UyN2hlbUducmM,"Animation, Adventure, Comedy, Sci-Fi",,"Genius alcoholic scientist Rick Sanchez drags his anxious grandson Morty across dimensions. Sci-fi comedy about family, nihilism, and the multiverse's worst road trips.",2015,"Justin Roiland, Chris Parnell, Spencer Grammer, Sarah Chalke, Ian Cardoni, Harry Belden"
Series,Rick and Morty,Season 3,Episode 1,https://ployan.me/watch/?v11#Rms3UXBEbFEwVmU4Mm5KbW43UHo0RmorTS9zdWdKZkVYeXpOaEpHOUVXOVo3Z2FLVmN2ZFJJRzl2OUMrR1MveWFJRC8,"Animation, Adventure, Comedy, Sci-Fi",,"Genius alcoholic scientist Rick Sanchez drags his anxious grandson Morty across dimensions. Sci-fi comedy about family, nihilism, and the multiverse's worst road trips.",2017,"Justin Roiland, Chris Parnell, Spencer Grammer, Sarah Chalke, Ian Cardoni, Harry Belden"
Series,Rick and Morty,Season 3,Episode 2,https://ployan.me/watch/?v12#dWxQcCtlNkpsU2ZjNXVnSFB4KzJwTXVvelRuTDhYbys1QSsvTERRWGFJQjQ1ajRMTGdkWDlvazFOZlduc3RTVExnb1Q,"Animation, Adventure, Comedy, Sci-Fi",,"Genius alcoholic scientist Rick Sanchez drags his anxious grandson Morty across dimensions. Sci-fi comedy about family, nihilism, and the multiverse's worst road trips.",2017,"Justin Roiland, Chris Parnell, Spencer Grammer, Sarah Chalke, Ian Cardoni, Harry Belden"
Series,Rick and Morty,Season 3,Episode 3,https://ployan.me/watch/?v13#TXBLNlJjeGlOUE8weFhGVGRiMFNETEFNR1hrdDNZc0VhYWZHU0FYQ0xFdlBuSWZGUExySm11amVPVTIwRnU2dXQzZkk,"Animation, Adventure, Comedy, Sci-Fi",,"Genius alcoholic scientist Rick Sanchez drags his anxious grandson Morty across dimensions. Sci-fi comedy about family, nihilism, and the multiverse's worst road trips.",2017,"Justin Roiland, Chris Parnell, Spencer Grammer, Sarah Chalke, Ian Cardoni, Harry Belden"
Series,Rick and Morty,Season 3,Episode 4,https://ployan.me/watch/?v14#WEJIdDFKQk5pdjdWR3NFdzYrVnpuYTE3b1RqeWVoSGtiemxtclNLUmxJTTc4dTNIWGo2Mm52SUFwMUU5QWl4TDBBV3A,"Animation, Adventure, Comedy, Sci-Fi",,"Genius alcoholic scientist Rick Sanchez drags his anxious grandson Morty across dimensions. Sci-fi comedy about family, nihilism, and the multiverse's worst road trips.",2017,"Justin Roiland, Chris Parnell, Spencer Grammer, Sarah Chalke, Ian Cardoni, Harry Belden"
Series,Rick and Morty,Season 3,Episode 5,https://ployan.me/watch/?v15#N251T3NtM0JsWEJkai9ZNFhmYmYwYUtUYkRMS0RoR2NXR05QMi9zUnZ0dDBpemtFUmU0UU5aK1NNSmp2M01hRnl4cFU,"Animation, Adventure, Comedy, Sci-Fi",,"Genius alcoholic scientist Rick Sanchez drags his anxious grandson Morty across dimensions. Sci-fi comedy about family, nihilism, and the multiverse's worst road trips.",2017,"Justin Roiland, Chris Parnell, Spencer Grammer, Sarah Chalke, Ian Cardoni, Harry Belden"
Series,Rick and Morty,Season 3,Episode 6,https://ployan.me/watch/?v16#VGlXUVBOaW8rZmtwOHVjaWhOUWVxM0dxbVZXdmsrRlJ1blRwcXlrYVVOUVJWNHVCc2VJcjl5T1V0RDlHbjM2amx2NXc,"Animation, Adventure, Comedy, Sci-Fi",,"Genius alcoholic scientist Rick Sanchez drags his anxious grandson Morty across dimensions. Sci-fi comedy about family, nihilism, and the multiverse's worst road trips.",2017,"Justin Roiland, Chris Parnell, Spencer Grammer, Sarah Chalke, Ian Cardoni, Harry Belden"
Series,Rick and Morty,Season 3,Episode 7,https://ployan.me/watch/?v17#bHlHRG9xeDNrVjV4VmtVT2hVRFRidnNyNUlTdHhHOE9uTzJWRmJwM01iQ0wzV1RiRzhMK3dSdFc5eVA1K3oxWmEwSTg,"Animation, Adventure, Comedy, Sci-Fi",,"Genius alcoholic scientist Rick Sanchez drags his anxious grandson Morty across dimensions. Sci-fi comedy about family, nihilism, and the multiverse's worst road trips.",2017,"Justin Roiland, Chris Parnell, Spencer Grammer, Sarah Chalke, Ian Cardoni, Harry Belden"
Series,Rick and Morty,Season 3,Episode 8,https://ployan.me/watch/?v18#NGgxS1hJOE5vaEI0dUJOc004TytkeUg0ZkFoKy9FM05vd2p6RHpySGRRYWgvNjIzbzlJWGVXcE9VTkhuOVduOURvY3E,"Animation, Adventure, Comedy, Sci-Fi",,"Genius alcoholic scientist Rick Sanchez drags his anxious grandson Morty across dimensions. Sci-fi comedy about family, nihilism, and the multiverse's worst road trips.",2017,"Justin Roiland, Chris Parnell, Spencer Grammer, Sarah Chalke, Ian Cardoni, Harry Belden"
Series,Rick and Morty,Season 3,Episode 9,https://ployan.me/watch/?v19#M0dReXFhb0grL2dqeUg4U0cwb24xNXAxbCtLUitBSmg5dGV4b0JZNURUK3lOaHo0YllUUGkwQ2FxSmpBNmhYT3V3Mis,"Animation, Adventure, Comedy, Sci-Fi",,"Genius alcoholic scientist Rick Sanchez drags his anxious grandson Morty across dimensions. Sci-fi comedy about family, nihilism, and the multiverse's worst road trips.",2017,"Justin Roiland, Chris Parnell, Spencer Grammer, Sarah Chalke, Ian Cardoni, Harry Belden"
Series,Rick and Morty,Season 3,Episode 10,https://ployan.me/watch/?v110#a0svT1ByQVpoTlY3dXRYTGJhck93cEU3T0V0Z295TTZRdEsxeDlNeHplVmVFbVkyWnVxUU9QQ01xb3REeUR6MCs2RU84UT09,"Animation, Adventure, Comedy, Sci-Fi",,"Genius alcoholic scientist Rick Sanchez drags his anxious grandson Morty across dimensions. Sci-fi comedy about family, nihilism, and the multiverse's worst road trips.",2017,"Justin Roiland, Chris Parnell, Spencer Grammer, Sarah Chalke, Ian Cardoni, Harry Belden"
Series,Rick and Morty,Season 4,Episode 1,https://ployan.me/watch/?v11#ZDhlT2orTWRIWCs3RXNvbXlKalRXaXBmODFjTFJ4TlUzMG5BK1VGaGZUN3c2cGd3UnNEZ01NUm1zSGlFeXhnMWp3V1VoZz09,"Animation, Adventure, Comedy, Sci-Fi",,"Genius alcoholic scientist Rick Sanchez drags his anxious grandson Morty across dimensions. Sci-fi comedy about family, nihilism, and the multiverse's worst road trips.",2019,"Justin Roiland, Chris Parnell, Spencer Grammer, Sarah Chalke, Ian Cardoni, Harry Belden"
Series,Rick and Morty,Season 4,Episode 2,https://ployan.me/watch/?v12#V0lGS0RMMHF6Z0YwcmRkVDR0NlhWemo0YTJWZWRucWZ3T1BXbTh2elNzUHgyNUw1Y09iUnNXcU9rU1g0V1l5ME12UXUyUT09,"Animation, Adventure, Comedy, Sci-Fi",,"Genius alcoholic scientist Rick Sanchez drags his anxious grandson Morty across dimensions. Sci-fi comedy about family, nihilism, and the multiverse's worst road trips.",2019,"Justin Roiland, Chris Parnell, Spencer Grammer, Sarah Chalke, Ian Cardoni, Harry Belden"
Series,Rick and Morty,Season 4,Episode 3,https://ployan.me/watch/?v13#S3RXc3c0Q25oRGFjQ1FqbGx3NkROSnVzSlljZXIrYmlZTEVpQlV6bnlkQ2JJSE1iRHRyUlpJemlHN1pOMWIxdEd5b2VMQT09,"Animation, Adventure, Comedy, Sci-Fi",,"Genius alcoholic scientist Rick Sanchez drags his anxious grandson Morty across dimensions. Sci-fi comedy about family, nihilism, and the multiverse's worst road trips.",2019,"Justin Roiland, Chris Parnell, Spencer Grammer, Sarah Chalke, Ian Cardoni, Harry Belden"
Series,Rick and Morty,Season 4,Episode 4,https://ployan.me/watch/?v14#dXhpVFNPUi9yV0FTdXg2ekthZ0xFYzRDS1ZnMTBSZEN5YjNUc3MwQjhlalhpUTJieHZ6U0lFaTh3TlBhNjlDTDd3UFhwZz09,"Animation, Adventure, Comedy, Sci-Fi",,"Genius alcoholic scientist Rick Sanchez drags his anxious grandson Morty across dimensions. Sci-fi comedy about family, nihilism, and the multiverse's worst road trips.",2019,"Justin Roiland, Chris Parnell, Spencer Grammer, Sarah Chalke, Ian Cardoni, Harry Belden"
Series,Rick and Morty,Season 4,Episode 5,https://ployan.me/watch/?v15#aUxSS2VXWTRtZFNlYzAwL2lkbVlUbEpIZkEzWFFYUGw5a1lZMEFyUHFnbFB3cmhvOFlHb2FrWTA5dDRpdnJYN0V6T014QT09,"Animation, Adventure, Comedy, Sci-Fi",,"Genius alcoholic scientist Rick Sanchez drags his anxious grandson Morty across dimensions. Sci-fi comedy about family, nihilism, and the multiverse's worst road trips.",2019,"Justin Roiland, Chris Parnell, Spencer Grammer, Sarah Chalke, Ian Cardoni, Harry Belden"
Series,Rick and Morty,Season 4,Episode 6,https://ployan.me/watch/?v16#YWliODhENXJZWkhxR1BsTUd3K1VUODNWYUNHd0xpS0Zpb0ZuS29SbmJHaTN0THh1eWpLZk16NU5EcFRGTXJpZEM4MzVJZz09,"Animation, Adventure, Comedy, Sci-Fi",,"Genius alcoholic scientist Rick Sanchez drags his anxious grandson Morty across dimensions. Sci-fi comedy about family, nihilism, and the multiverse's worst road trips.",2019,"Justin Roiland, Chris Parnell, Spencer Grammer, Sarah Chalke, Ian Cardoni, Harry Belden"
Series,Rick and Morty,Season 4,Episode 7,https://ployan.me/watch/?v17#bjBvdU8zWXVuaHpheXpPdmhhZGJNQWVWb2QyOTVoMERSL3hjOGNDUmp6NWZhOE1WQ0xuMjNjZU9FUTE2bG5DSUJtQ1o5QT09,"Animation, Adventure, Comedy, Sci-Fi",,"Genius alcoholic scientist Rick Sanchez drags his anxious grandson Morty across dimensions. Sci-fi comedy about family, nihilism, and the multiverse's worst road trips.",2019,"Justin Roiland, Chris Parnell, Spencer Grammer, Sarah Chalke, Ian Cardoni, Harry Belden"
Series,Rick and Morty,Season 4,Episode 8,https://ployan.me/watch/?v18#elJoWU9tTnZ4bTE5ODl4Wkd0TnFxWHNmL0FTRUNjSmFlOUdRd1lWM3hjT1RwOGZOc2kwMmY5WW0ralJEalM3Y2lTNjYxUT09,"Animation, Adventure, Comedy, Sci-Fi",,"Genius alcoholic scientist Rick Sanchez drags his anxious grandson Morty across dimensions. Sci-fi comedy about family, nihilism, and the multiverse's worst road trips.",2019,"Justin Roiland, Chris Parnell, Spencer Grammer, Sarah Chalke, Ian Cardoni, Harry Belden"
Series,Rick and Morty,Season 4,Episode 9,https://ployan.me/watch/?v19#MlFLVDFFcGg3cGs2UkJoZURyRE53dDQ2ZVlQUkkzRE9jQ3ovd2JzK2czZnMwSlMzdThnTDlGYTFIVDFuNmJEaDdXU1NUUT09,"Animation, Adventure, Comedy, Sci-Fi",,"Genius alcoholic scientist Rick Sanchez drags his anxious grandson Morty across dimensions. Sci-fi comedy about family, nihilism, and the multiverse's worst road trips.",2019,"Justin Roiland, Chris Parnell, Spencer Grammer, Sarah Chalke, Ian Cardoni, Harry Belden"
Series,Rick and Morty,Season 4,Episode 10,https://ployan.me/watch/?v110#VnVRWHBTK3E3R2NCNmJYcVNOY01VK1A4YUMxWmRZako5NUhyd1MrcldIZnZnSlR6dzZraTE1cHV0ckxzUktvTkl3Q0pjczA9,"Animation, Adventure, Comedy, Sci-Fi",,"Genius alcoholic scientist Rick Sanchez drags his anxious grandson Morty across dimensions. Sci-fi comedy about family, nihilism, and the multiverse's worst road trips.",2019,"Justin Roiland, Chris Parnell, Spencer Grammer, Sarah Chalke, Ian Cardoni, Harry Belden"
Series,Rick and Morty,Season 5,Episode 1,https://ployan.me/watch/?v11#eTRPUHNLMkMxSUJQWTFPbEtuR0Q0K3F0QmhtQXpYbjQ1WFkvKzg1d0p1Q2xHYnNKa0U0c1RrT3crM0srREU3cGp3WjNMY2JIRU04PQ,"Animation, Adventure, Comedy, Sci-Fi",,"Genius alcoholic scientist Rick Sanchez drags his anxious grandson Morty across dimensions. Sci-fi comedy about family, nihilism, and the multiverse's worst road trips.",2021,"Justin Roiland, Chris Parnell, Spencer Grammer, Sarah Chalke, Ian Cardoni, Harry Belden"
Series,Rick and Morty,Season 5,Episode 2,https://ployan.me/watch/?v12#UFlrLy9IZDRBRmdmSWhFUDJ0Y2tVNStuNzluYjdCNFBlSlozMzhFdFB5ZmVYRE5BZmFJR1czUTM5bWFWdzVKY0V0K0V2M0NVSHFRPQ,"Animation, Adventure, Comedy, Sci-Fi",,"Genius alcoholic scientist Rick Sanchez drags his anxious grandson Morty across dimensions. Sci-fi comedy about family, nihilism, and the multiverse's worst road trips.",2021,"Justin Roiland, Chris Parnell, Spencer Grammer, Sarah Chalke, Ian Cardoni, Harry Belden"
Series,Rick and Morty,Season 5,Episode 3,https://ployan.me/watch/?v13#TDQ4SnBrZXNkN2JHUGpLbXJPaTBYOEIzeHR0RFJjZGJDVFpxYmdUUkxpdHFuR1E4WDdUN3F6WVpFSy9MUlp5aUI3UzBXWDEzQ1FvPQ,"Animation, Adventure, Comedy, Sci-Fi",,"Genius alcoholic scientist Rick Sanchez drags his anxious grandson Morty across dimensions. Sci-fi comedy about family, nihilism, and the multiverse's worst road trips.",2021,"Justin Roiland, Chris Parnell, Spencer Grammer, Sarah Chalke, Ian Cardoni, Harry Belden"
Series,Rick and Morty,Season 5,Episode 4,https://ployan.me/watch/?v14#SVpPNWJ0d0hkRlh1RFBMYWF0ZW1aR3BNSFVqY0pmeFkxVUU1dkQzall5RnZ4b2xPZ1R0Skw1T1NDdW1ES0tVVi85YWozNUxlVjIwPQ,"Animation, Adventure, Comedy, Sci-Fi",,"Genius alcoholic scientist Rick Sanchez drags his anxious grandson Morty across dimensions. Sci-fi comedy about family, nihilism, and the multiverse's worst road trips.",2021,"Justin Roiland, Chris Parnell, Spencer Grammer, Sarah Chalke, Ian Cardoni, Harry Belden"
Series,Rick and Morty,Season 5,Episode 5,https://ployan.me/watch/?v15#UlVEOGRyN0ZKU0VrTy92R3RlMVpqeTd1TXJ3VHRsWmR1TG5MVzA3eEtiWE9WQ3NQMytjOXpqR0t2S2t3ME1EZ2VWbnRsMUcwc2JZPQ,"Animation, Adventure, Comedy, Sci-Fi",,"Genius alcoholic scientist Rick Sanchez drags his anxious grandson Morty across dimensions. Sci-fi comedy about family, nihilism, and the multiverse's worst road trips.",2021,"Justin Roiland, Chris Parnell, Spencer Grammer, Sarah Chalke, Ian Cardoni, Harry Belden"
Series,Rick and Morty,Season 5,Episode 6,https://ployan.me/watch/?v16#VHVqSFJhSy80OVRNTURHa0hRMjRGTk5lcjdGUWJZMDAvNm1qZE1ubTZwR2hGQjRZWkJvanUrcmJvRUhlTzM4WTZud20zV2dOMFp3PQ,"Animation, Adventure, Comedy, Sci-Fi",,"Genius alcoholic scientist Rick Sanchez drags his anxious grandson Morty across dimensions. Sci-fi comedy about family, nihilism, and the multiverse's worst road trips.",2021,"Justin Roiland, Chris Parnell, Spencer Grammer, Sarah Chalke, Ian Cardoni, Harry Belden"
Series,Rick and Morty,Season 5,Episode 7,https://ployan.me/watch/?v17#enFIMmFaa2M2cEV5cDBqM0g1cmwyOXlrbno1eUtjWmNpREh0WnY4SzVUWUk0M0o5eVg4NUNwMWpOcFA1OThGeFJHM1BEdzZLemhFPQ,"Animation, Adventure, Comedy, Sci-Fi",,"Genius alcoholic scientist Rick Sanchez drags his anxious grandson Morty across dimensions. Sci-fi comedy about family, nihilism, and the multiverse's worst road trips.",2021,"Justin Roiland, Chris Parnell, Spencer Grammer, Sarah Chalke, Ian Cardoni, Harry Belden"
Series,Rick and Morty,Season 5,Episode 8,https://ployan.me/watch/?v18#T0FSU2tLNUNxSFB2dXlqandKV0QvMFg4V1NTMmcxVE90aEV4SDJzMGQwMUJ0a0tmQVhMLzd6MnpVTHRqOVlpSGxzSEFYM3kyMjdzPQ,"Animation, Adventure, Comedy, Sci-Fi",,"Genius alcoholic scientist Rick Sanchez drags his anxious grandson Morty across dimensions. Sci-fi comedy about family, nihilism, and the multiverse's worst road trips.",2021,"Justin Roiland, Chris Parnell, Spencer Grammer, Sarah Chalke, Ian Cardoni, Harry Belden"
Series,Rick and Morty,Season 5,Episode 9,https://ployan.me/watch/?v19#WHY2ajJEeFMwbXRBanJFUlJZSGhFbnNOcFRNd2Y0LzdNUjgxV3RhSWF0ZmNjcU1zSVcxdEdUN3lUSDNCUjZiYXNHa2ppc3RZUEFvPQ,"Animation, Adventure, Comedy, Sci-Fi",,"Genius alcoholic scientist Rick Sanchez drags his anxious grandson Morty across dimensions. Sci-fi comedy about family, nihilism, and the multiverse's worst road trips.",2021,"Justin Roiland, Chris Parnell, Spencer Grammer, Sarah Chalke, Ian Cardoni, Harry Belden"
Series,Rick and Morty,Season 5,Episode 10,https://ployan.me/watch/?v110#TlBOUGlHVnNEakZrT2pFN0NIdDVBcVV1TDZtcm05TFRCVnF0a2JpTThSY2Fyd1l2alB4YjJZMWZJVGZsSi9hOU1LQzF5U2VqS3duYg,"Animation, Adventure, Comedy, Sci-Fi",,"Genius alcoholic scientist Rick Sanchez drags his anxious grandson Morty across dimensions. Sci-fi comedy about family, nihilism, and the multiverse's worst road trips.",2021,"Justin Roiland, Chris Parnell, Spencer Grammer, Sarah Chalke, Ian Cardoni, Harry Belden"
Series,Rick and Morty,Season 6,Episode 1,https://ployan.me/watch/?v11#eUxKTWJNcm5HdWFDZGdWWmlsUUdISUtjNitzWndNek5BVWRpMTY5UUJVUklyTDgxVytVbnh3QWhudWJqcmFJRHRLZ3prTzFLbmJrPQ,"Animation, Adventure, Comedy, Sci-Fi",,"Genius alcoholic scientist Rick Sanchez drags his anxious grandson Morty across dimensions. Sci-fi comedy about family, nihilism, and the multiverse's worst road trips.",2022,"Justin Roiland, Chris Parnell, Spencer Grammer, Sarah Chalke, Ian Cardoni, Harry Belden"
Series,Rick and Morty,Season 6,Episode 2,https://ployan.me/watch/?v12#cys5bjFwY3NVTkg2V2tqV2QxY295R3NmbW5jYkhkaUpIUEdxQk1jVDVOeEdQdXRBT1lBMW5FSlVSWDIyZ2NmMnVuMWpBVW55MVRnPQ,"Animation, Adventure, Comedy, Sci-Fi",,"Genius alcoholic scientist Rick Sanchez drags his anxious grandson Morty across dimensions. Sci-fi comedy about family, nihilism, and the multiverse's worst road trips.",2022,"Justin Roiland, Chris Parnell, Spencer Grammer, Sarah Chalke, Ian Cardoni, Harry Belden"
Series,Rick and Morty,Season 6,Episode 3,https://ployan.me/watch/?v13#SE5ZUmVqV2ZITmIxNEVNTlpibHNncncrVEFWMXlRMzgzYkhxdHh0cU5EOXBMK3BnVHNZSE5rdDM0WkszbHpBR2JkN2VUaDZVMnVBPQ,"Animation, Adventure, Comedy, Sci-Fi",,"Genius alcoholic scientist Rick Sanchez drags his anxious grandson Morty across dimensions. Sci-fi comedy about family, nihilism, and the multiverse's worst road trips.",2022,"Justin Roiland, Chris Parnell, Spencer Grammer, Sarah Chalke, Ian Cardoni, Harry Belden"
Series,Rick and Morty,Season 6,Episode 4,https://ployan.me/watch/?v14#bXVQQjIzb2U1WGxyc0F6elRUVDBaam14aFFadGg0V2grQzlGbGZFcDlNTDVYczR2TlFZS05iSjU3YzBwVDZaNG9KWXFLZDBOdzc0PQ,"Animation, Adventure, Comedy, Sci-Fi",,"Genius alcoholic scientist Rick Sanchez drags his anxious grandson Morty across dimensions. Sci-fi comedy about family, nihilism, and the multiverse's worst road trips.",2022,"Justin Roiland, Chris Parnell, Spencer Grammer, Sarah Chalke, Ian Cardoni, Harry Belden"
Series,Rick and Morty,Season 6,Episode 5,https://ployan.me/watch/?v15#cXAxZTd6YVU1UVkrRHRITFdzK0dBYnRJeEpEWUcwZGFSb3p2bXpyOHpWREpxU0c1dVBPWnJQZGlSaEZ5bnNtUlZtSDE1K1dUbGxzPQ,"Animation, Adventure, Comedy, Sci-Fi",,"Genius alcoholic scientist Rick Sanchez drags his anxious grandson Morty across dimensions. Sci-fi comedy about family, nihilism, and the multiverse's worst road trips.",2022,"Justin Roiland, Chris Parnell, Spencer Grammer, Sarah Chalke, Ian Cardoni, Harry Belden"
Series,Rick and Morty,Season 6,Episode 6,https://ployan.me/watch/?v16#cXZBRmp4WXpXMTBCQ1E2b2g3NXRCQlVyazJOeDZRSEw4aVFydEFSd1I1NDFRME1xQUNwNndIWnVSVnpxTDRHOXB3UFVJNnRUZk80PQ,"Animation, Adventure, Comedy, Sci-Fi",,"Genius alcoholic scientist Rick Sanchez drags his anxious grandson Morty across dimensions. Sci-fi comedy about family, nihilism, and the multiverse's worst road trips.",2022,"Justin Roiland, Chris Parnell, Spencer Grammer, Sarah Chalke, Ian Cardoni, Harry Belden"
Series,Rick and Morty,Season 6,Episode 7,https://ployan.me/watch/?v17#NVBVZmFMN3pPeDFQZ0Q2MGtIWXFiQVdyN3ZOTlRIV2JKaGF2ZTRkeWJsM1MyNjQySmQ4T3lZTW1RWEt5eFRaYnI0NHdzcG1SM0pJPQ,"Animation, Adventure, Comedy, Sci-Fi",,"Genius alcoholic scientist Rick Sanchez drags his anxious grandson Morty across dimensions. Sci-fi comedy about family, nihilism, and the multiverse's worst road trips.",2022,"Justin Roiland, Chris Parnell, Spencer Grammer, Sarah Chalke, Ian Cardoni, Harry Belden"
Series,Rick and Morty,Season 6,Episode 8,https://ployan.me/watch/?v18#NUtpTXVBK3NwSWpXMTNvV2N6NEg4QXR6d0x4Q2llRjh4aUF3V2VTSUYvVFVCcU1VMW5hV01zVThYdGhSS28xSlVJREpJdmY5UTA4PQ,"Animation, Adventure, Comedy, Sci-Fi",,"Genius alcoholic scientist Rick Sanchez drags his anxious grandson Morty across dimensions. Sci-fi comedy about family, nihilism, and the multiverse's worst road trips.",2022,"Justin Roiland, Chris Parnell, Spencer Grammer, Sarah Chalke, Ian Cardoni, Harry Belden"
Series,Rick and Morty,Season 6,Episode 9,https://ployan.me/watch/?v19#WDZ5ODFyc1UzMy9BZnUxa3ZrTjdhbDI3M1VCbnhKcmZ6K1ZQMmcweVNDN0wycFp4OW5jVVJDR1hUZHZkRUtXQUtlSGFxMEt5VFhZPQ,"Animation, Adventure, Comedy, Sci-Fi",,"Genius alcoholic scientist Rick Sanchez drags his anxious grandson Morty across dimensions. Sci-fi comedy about family, nihilism, and the multiverse's worst road trips.",2022,"Justin Roiland, Chris Parnell, Spencer Grammer, Sarah Chalke, Ian Cardoni, Harry Belden"
Series,Rick and Morty,Season 6,Episode 10,https://ployan.me/watch/?v110#NE1GK01HOHhaRW5iYmg5Q2Y4bzR1WUd3QVNnUEwxbjM4MHRQOVhGR291K3lpNkZyKzF5SlJuY0JKWnNYd2g1bzFuM29kVW9FZmROTA,"Animation, Adventure, Comedy, Sci-Fi",,"Genius alcoholic scientist Rick Sanchez drags his anxious grandson Morty across dimensions. Sci-fi comedy about family, nihilism, and the multiverse's worst road trips.",2022,"Justin Roiland, Chris Parnell, Spencer Grammer, Sarah Chalke, Ian Cardoni, Harry Belden"
Series,Rick and Morty,Season 7,Episode 1,https://ployan.me/watch/?v11#QWZUcWtQN3kzWVFISHc1MTgzTjVjWE1Zc3JXVTZsc2hKbC8vN3FCS2ZyN3BIWGV3Ri84Q1BJSGl4ZFdWQjdNTVFzMUl4dmtEQ2RjPQ,"Animation, Adventure, Comedy, Sci-Fi",,"Genius alcoholic scientist Rick Sanchez drags his anxious grandson Morty across dimensions. Sci-fi comedy about family, nihilism, and the multiverse's worst road trips.",2023,"Justin Roiland, Chris Parnell, Spencer Grammer, Sarah Chalke, Ian Cardoni, Harry Belden"
Series,Rick and Morty,Season 7,Episode 2,https://ployan.me/watch/?v12#NStLdnpka3hpbEJnRU13QXZYaDBrWHJOY3B2dUUrKzd2K3ZuUzRuVjlYZUxNRTR0d0xidU1yaEhMVUZQRGNWVWpRZENJbTArQ3VFPQ,"Animation, Adventure, Comedy, Sci-Fi",,"Genius alcoholic scientist Rick Sanchez drags his anxious grandson Morty across dimensions. Sci-fi comedy about family, nihilism, and the multiverse's worst road trips.",2023,"Justin Roiland, Chris Parnell, Spencer Grammer, Sarah Chalke, Ian Cardoni, Harry Belden"
Series,Rick and Morty,Season 7,Episode 3,https://ployan.me/watch/?v13#d0p4S0p3djNnZXV4eGNkblduZnlQM1VEWkRodXNyUVhxcTY5eUhncnFXMVVMcGZtMnhrNGtIdUpnSTIzUVVqWTRJY0RlcEtIbjhZPQ,"Animation, Adventure, Comedy, Sci-Fi",,"Genius alcoholic scientist Rick Sanchez drags his anxious grandson Morty across dimensions. Sci-fi comedy about family, nihilism, and the multiverse's worst road trips.",2023,"Justin Roiland, Chris Parnell, Spencer Grammer, Sarah Chalke, Ian Cardoni, Harry Belden"
Series,Rick and Morty,Season 7,Episode 4,https://ployan.me/watch/?v14#ajVvaVgydDhJeTVxWVVFWDEwRkRrVXN5MjFJc3hWNEh6cStYZGFCN0tISWV4RHhVa3dvWStLejhQdTdkY3Q1bnI1cG1ldkJFakdrPQ,"Animation, Adventure, Comedy, Sci-Fi",,"Genius alcoholic scientist Rick Sanchez drags his anxious grandson Morty across dimensions. Sci-fi comedy about family, nihilism, and the multiverse's worst road trips.",2023,"Justin Roiland, Chris Parnell, Spencer Grammer, Sarah Chalke, Ian Cardoni, Harry Belden"
Series,Rick and Morty,Season 7,Episode 5,https://ployan.me/watch/?v15#Tkw4WkFBRnNXd3BicHRleGdyWmxDdU1maENOa1ZIMEZac0s5cTBCL0tIRWcvNTJZQ0krbVZybklCU2k4QTg0dUJBZklpQ21SUEtjPQ,"Animation, Adventure, Comedy, Sci-Fi",,"Genius alcoholic scientist Rick Sanchez drags his anxious grandson Morty across dimensions. Sci-fi comedy about family, nihilism, and the multiverse's worst road trips.",2023,"Justin Roiland, Chris Parnell, Spencer Grammer, Sarah Chalke, Ian Cardoni, Harry Belden"
Series,Rick and Morty,Season 7,Episode 6,https://ployan.me/watch/?v16#L3R4akdib3grQ2IyWXE3UzVXTlhTS2JTV2pjK2VtUXM5NG5Td2UxeVpDd2QrS0tpRWtyemdkSVZDOFpxbkdoZGlTRWRRVEk2LzNBPQ,"Animation, Adventure, Comedy, Sci-Fi",,"Genius alcoholic scientist Rick Sanchez drags his anxious grandson Morty across dimensions. Sci-fi comedy about family, nihilism, and the multiverse's worst road trips.",2023,"Justin Roiland, Chris Parnell, Spencer Grammer, Sarah Chalke, Ian Cardoni, Harry Belden"
Series,Rick and Morty,Season 7,Episode 7,https://ployan.me/watch/?v17#azVVbU5pS1M2dzgyek1Xbk9Pd1F6ZGpKdUJCclZwNi8yQ2N2REx1bUlvTHZWQWN2WFBpM0x2MHhJUWx6ZVNseVVxQitQMEhaZVFZPQ,"Animation, Adventure, Comedy, Sci-Fi",,"Genius alcoholic scientist Rick Sanchez drags his anxious grandson Morty across dimensions. Sci-fi comedy about family, nihilism, and the multiverse's worst road trips.",2023,"Justin Roiland, Chris Parnell, Spencer Grammer, Sarah Chalke, Ian Cardoni, Harry Belden"
Series,Rick and Morty,Season 7,Episode 8,https://ployan.me/watch/?v18#Z3drTjRCR0YxQVNvRFZlbVJ5dDA5SWNwcGtxR3poSW0vMzJrUHE3QnFwY3YzQXM1WjlMdkxGSHdZWjRSZ0VqK0Rwb3E4SVcyVjlrPQ,"Animation, Adventure, Comedy, Sci-Fi",,"Genius alcoholic scientist Rick Sanchez drags his anxious grandson Morty across dimensions. Sci-fi comedy about family, nihilism, and the multiverse's worst road trips.",2023,"Justin Roiland, Chris Parnell, Spencer Grammer, Sarah Chalke, Ian Cardoni, Harry Belden"
Series,Rick and Morty,Season 7,Episode 9,https://ployan.me/watch/?v19#ZjBJRG5abXlxU2RiQkszSENSTTB3TjN0VDQ0RjMvZXh4M3RPVmEwTm14by9BQ3hVakIwa0hCMjRJWlgvUzh5TzVpZmxMYkNvbWpBPQ,"Animation, Adventure, Comedy, Sci-Fi",,"Genius alcoholic scientist Rick Sanchez drags his anxious grandson Morty across dimensions. Sci-fi comedy about family, nihilism, and the multiverse's worst road trips.",2023,"Justin Roiland, Chris Parnell, Spencer Grammer, Sarah Chalke, Ian Cardoni, Harry Belden"
Series,Rick and Morty,Season 7,Episode 10,https://ployan.me/watch/?v110#ZWY2QWtjSkF0dHVadDg4K0NOWk44d0hVVUE3Skc3NlUzcDQ5T0lEdnhlemdkNlhTcDNmSmVYZ2pROG5ZalRTSWFkWHZHaSswaWRsbQ,"Animation, Adventure, Comedy, Sci-Fi",,"Genius alcoholic scientist Rick Sanchez drags his anxious grandson Morty across dimensions. Sci-fi comedy about family, nihilism, and the multiverse's worst road trips.",2023,"Justin Roiland, Chris Parnell, Spencer Grammer, Sarah Chalke, Ian Cardoni, Harry Belden"
Series,President Curtis,Season 1,Episode 1,https://ployan.me/watch/?v11#R1lMWTZZODNVb213UHNtVlB4RnV5MEMrMlk4c0dLOHp3RkdJT0RZMHJDU3VMNEF3ZlFxSW5obGEyTVB4eWlBeC9jdz0,"Drama, Thriller",,"A political thriller following President Curtis as a national crisis tests the office, the cabinet, and the truth. Every decision in the West Wing has a body count outside it.",2024,Ensemble Cast
Series,President Curtis,Season 1,Episode 2,https://ployan.me/watch/?v12#UjhnYVpyTElsMXd2TFJvR2tYNmtXTWJDZ1hJYkdweHkvaE1WOEp4bEtIWkpDdWc0cE4zcE5weWNGVXl2ZU40RnNvND0,"Drama, Thriller",,"A political thriller following President Curtis as a national crisis tests the office, the cabinet, and the truth. Every decision in the West Wing has a body count outside it.",2024,Ensemble Cast
Series,Black Mirror,Season 1,Episode 1,https://ployan.me/watch/?v11#VmJLajhQSGFOZ1dOWVpaT3RHVTJid2VieEJFZnYxQW5wQnRvRU9KVENOK29UaTY0ajE1YmlpR2JmUDk1NlM0ZFRqTWM,"Drama, Mystery, Sci-Fi, Thriller",,"An anthology series about technology's darkest possibilities. Each episode is a standalone nightmare of screens, surveillance, and the human appetite for control.",2011,"Anthology cast (varies by episode): Daniel Kaluuya, Bryce Dallas Howard, Jon Hamm, Hayley Atwell, Jesse Plemons, Aaron Paul"
Series,Black Mirror,Season 1,Episode 2,https://ployan.me/watch/?v12#WFFYY0JQVHkvOUI2NHlVR1o3SW9FdGJ2SmpET3RySWo3b3VYaFE3VVFPMDdFbEs2VzE3akI1a04zT0hzeStZek1nWVU,"Drama, Mystery, Sci-Fi, Thriller",,"An anthology series about technology's darkest possibilities. Each episode is a standalone nightmare of screens, surveillance, and the human appetite for control.",2011,"Anthology cast (varies by episode): Daniel Kaluuya, Bryce Dallas Howard, Jon Hamm, Hayley Atwell, Jesse Plemons, Aaron Paul"
Series,Black Mirror,Season 1,Episode 3,https://ployan.me/watch/?v13#blVHWWZYcUdndDZSSFNRSjdkQ3JzYVZEaDBKVzdNS28xZjVaZG0yaDFVTmI3czdyalBuOHZoLzRsZHN5UDhieTlnNlA,"Drama, Mystery, Sci-Fi, Thriller",,"An anthology series about technology's darkest possibilities. Each episode is a standalone nightmare of screens, surveillance, and the human appetite for control.",2011,"Anthology cast (varies by episode): Daniel Kaluuya, Bryce Dallas Howard, Jon Hamm, Hayley Atwell, Jesse Plemons, Aaron Paul"
Series,Black Mirror,Season 2,Episode 1,https://ployan.me/watch/?v11#aWoxN3FHUXJMcGFrMlBXcGxaek94UVhlSWxyTVZZQWt6Ymx1Ly9JZVM1ZGhiSFZOUGZlMlhSUFFNSTQ2cFkwTE9YQW8,"Drama, Mystery, Sci-Fi, Thriller",,"An anthology series about technology's darkest possibilities. Each episode is a standalone nightmare of screens, surveillance, and the human appetite for control.",2013,"Anthology cast (varies by episode): Daniel Kaluuya, Bryce Dallas Howard, Jon Hamm, Hayley Atwell, Jesse Plemons, Aaron Paul"
Series,Black Mirror,Season 2,Episode 2,https://ployan.me/watch/?v12#aWt6YTdDbkNTUFFsYXRKZXZDOGozdDZ3WDNTK3N6SzlEZmZQc25wL09vc0U0LzE4WkIydk43YmFybFozZzZ2aWtZakg,"Drama, Mystery, Sci-Fi, Thriller",,"An anthology series about technology's darkest possibilities. Each episode is a standalone nightmare of screens, surveillance, and the human appetite for control.",2013,"Anthology cast (varies by episode): Daniel Kaluuya, Bryce Dallas Howard, Jon Hamm, Hayley Atwell, Jesse Plemons, Aaron Paul"
Series,Black Mirror,Season 2,Episode 3,https://ployan.me/watch/?v13#eGszVmpEenU4aFFQSkx5d0tVcmJFdzFJNkZLck5pMDI0ZnpGdXJtSWM4emdmRlVmRHNCSHBiWGk4eVVtQXFDWXlhK24,"Drama, Mystery, Sci-Fi, Thriller",,"An anthology series about technology's darkest possibilities. Each episode is a standalone nightmare of screens, surveillance, and the human appetite for control.",2013,"Anthology cast (varies by episode): Daniel Kaluuya, Bryce Dallas Howard, Jon Hamm, Hayley Atwell, Jesse Plemons, Aaron Paul"
Series,Black Mirror,Season 2,Episode 4,https://ployan.me/watch/?v14#cWgvQ0F0cmNENi9OVDlYMmtETlh5MDB2am84ZFRyL2NDVkh1VmNjN0szaTByNXVMMHYrMXJGQ3hnNG1kNjdsZ0VDTmE,"Drama, Mystery, Sci-Fi, Thriller",,"An anthology series about technology's darkest possibilities. Each episode is a standalone nightmare of screens, surveillance, and the human appetite for control.",2013,"Anthology cast (varies by episode): Daniel Kaluuya, Bryce Dallas Howard, Jon Hamm, Hayley Atwell, Jesse Plemons, Aaron Paul"
Series,Black Mirror,Season 3,Episode 1,https://ployan.me/watch/?v11#dzVQY3BMdy9iUnhpSXR2Mi90WGM3QWgreEhZV2lndlhhOTZWdjhrTjdyKzlRS3ZOdWxSazFWbG9ucGI1dzlINEs0NXg,"Drama, Mystery, Sci-Fi, Thriller",,"An anthology series about technology's darkest possibilities. Each episode is a standalone nightmare of screens, surveillance, and the human appetite for control.",2016,"Anthology cast (varies by episode): Daniel Kaluuya, Bryce Dallas Howard, Jon Hamm, Hayley Atwell, Jesse Plemons, Aaron Paul"
Series,Black Mirror,Season 3,Episode 2,https://ployan.me/watch/?v12#Vk9ibFU3em1sOEJSU3Excit3TmtEZ1ZsOTE0TW1nazREYkxUcnBvTnFJdnpYSzBuWGdYQ215YlV1U3ppdnUyWVQ0VUk,"Drama, Mystery, Sci-Fi, Thriller",,"An anthology series about technology's darkest possibilities. Each episode is a standalone nightmare of screens, surveillance, and the human appetite for control.",2016,"Anthology cast (varies by episode): Daniel Kaluuya, Bryce Dallas Howard, Jon Hamm, Hayley Atwell, Jesse Plemons, Aaron Paul"
Series,Black Mirror,Season 3,Episode 3,https://ployan.me/watch/?v13#MkkrU2IxT1Y5ZUJyWUlvU1F3dmJmSmFUUlFUVXQ2S2djVVliQ2NHc1JSdER6NWFkVWJRQ0djTWV3WjdxTEZzcFhLMHQ,"Drama, Mystery, Sci-Fi, Thriller",,"An anthology series about technology's darkest possibilities. Each episode is a standalone nightmare of screens, surveillance, and the human appetite for control.",2016,"Anthology cast (varies by episode): Daniel Kaluuya, Bryce Dallas Howard, Jon Hamm, Hayley Atwell, Jesse Plemons, Aaron Paul"
Series,Black Mirror,Season 3,Episode 4,https://ployan.me/watch/?v14#ZldaZFNuZXp4c29JRlNyTE1IZzVIMGl5eGZJTXc3cjc0KzdiZ3JDcmhCdmVGL0ZMMVJSeHdjSWtPM3RkYWVic1ZUb3U,"Drama, Mystery, Sci-Fi, Thriller",,"An anthology series about technology's darkest possibilities. Each episode is a standalone nightmare of screens, surveillance, and the human appetite for control.",2016,"Anthology cast (varies by episode): Daniel Kaluuya, Bryce Dallas Howard, Jon Hamm, Hayley Atwell, Jesse Plemons, Aaron Paul"
Series,Black Mirror,Season 3,Episode 5,https://ployan.me/watch/?v15#QTBONHkweTYvbzZoOXJLTEJmU2liNDhVUTdid3Ixd0RtNnpGR2x3N1dDZE9RVjJJSDR5V0xvMFB0SFIxYmo0NEREcks,"Drama, Mystery, Sci-Fi, Thriller",,"An anthology series about technology's darkest possibilities. Each episode is a standalone nightmare of screens, surveillance, and the human appetite for control.",2016,"Anthology cast (varies by episode): Daniel Kaluuya, Bryce Dallas Howard, Jon Hamm, Hayley Atwell, Jesse Plemons, Aaron Paul"
Series,Black Mirror,Season 3,Episode 6,https://ployan.me/watch/?v16#L0VqWHZ1eDRuN0lqdjc5ZmtmTE5PU3orMURIQ2drUCs1eHQ2bHFiRG9TSmIzSlpSaEZtSFJLWGtMWlFNME5jdVpUTW0,"Drama, Mystery, Sci-Fi, Thriller",,"An anthology series about technology's darkest possibilities. Each episode is a standalone nightmare of screens, surveillance, and the human appetite for control.",2016,"Anthology cast (varies by episode): Daniel Kaluuya, Bryce Dallas Howard, Jon Hamm, Hayley Atwell, Jesse Plemons, Aaron Paul"
Series,Black Mirror,Season 4,Episode 1,https://ployan.me/watch/?v11#S2FxK1RsMXUyY0wxR0p2Rnl5bDFUbTMyM2FGdkYvVTc0UUlibXUxamE3S1VITXNqUEYrVk44Q3RqZGhMQytRaXdQTVI,"Drama, Mystery, Sci-Fi, Thriller",,"An anthology series about technology's darkest possibilities. Each episode is a standalone nightmare of screens, surveillance, and the human appetite for control.",2017,"Anthology cast (varies by episode): Daniel Kaluuya, Bryce Dallas Howard, Jon Hamm, Hayley Atwell, Jesse Plemons, Aaron Paul"
Series,Black Mirror,Season 4,Episode 2,https://ployan.me/watch/?v12#RnM1WUxRWExodnpyUTBkanN1cUxWLy9velM3SENpVnVXTzZ0Z0UwK05MU2ZyclJPeE1JYmpyZEVIT3d1cTBnK29XN3U,"Drama, Mystery, Sci-Fi, Thriller",,"An anthology series about technology's darkest possibilities. Each episode is a standalone nightmare of screens, surveillance, and the human appetite for control.",2017,"Anthology cast (varies by episode): Daniel Kaluuya, Bryce Dallas Howard, Jon Hamm, Hayley Atwell, Jesse Plemons, Aaron Paul"
Series,Black Mirror,Season 4,Episode 3,https://ployan.me/watch/?v13#NWxjajZNV2pGNTUwOHpDQmlBcFlVeVhGa2NZc2Jtd0FFTkNaVmdiTTFPSEZ0Z2R3R216eGNoY3BMQ21vbDhKMTBmZG4,"Drama, Mystery, Sci-Fi, Thriller",,"An anthology series about technology's darkest possibilities. Each episode is a standalone nightmare of screens, surveillance, and the human appetite for control.",2017,"Anthology cast (varies by episode): Daniel Kaluuya, Bryce Dallas Howard, Jon Hamm, Hayley Atwell, Jesse Plemons, Aaron Paul"
Series,Black Mirror,Season 4,Episode 4,https://ployan.me/watch/?v14#MHZraG9vNmpRQURHWlJ6Yks2SFEvRlNpbG16VEhUY2t5ZTdMQmxiUkt2Zzk3aTE3OFdhTytCYWE1dWgwTGd5MG43cWQ,"Drama, Mystery, Sci-Fi, Thriller",,"An anthology series about technology's darkest possibilities. Each episode is a standalone nightmare of screens, surveillance, and the human appetite for control.",2017,"Anthology cast (varies by episode): Daniel Kaluuya, Bryce Dallas Howard, Jon Hamm, Hayley Atwell, Jesse Plemons, Aaron Paul"
Series,Black Mirror,Season 4,Episode 5,https://ployan.me/watch/?v15#TEl4akdaWElnMjdxYk16cnAzdVlqNEUzTjhCSG1jRmNobjk3TEFXZ2p4SForeEZCL0pGdG9FcWxFU0tRbTRBdDlQcHQ,"Drama, Mystery, Sci-Fi, Thriller",,"An anthology series about technology's darkest possibilities. Each episode is a standalone nightmare of screens, surveillance, and the human appetite for control.",2017,"Anthology cast (varies by episode): Daniel Kaluuya, Bryce Dallas Howard, Jon Hamm, Hayley Atwell, Jesse Plemons, Aaron Paul"
Series,Black Mirror,Season 4,Episode 6,https://ployan.me/watch/?v16#M0p0Y0crd2pvTTl2VG8zd05pYi82WlNNR3IrM2QzQ2tUdXFLdVllWFJrbVNiQ0hqMmpEMGdXOHg0UW5XK2tXRnhISUU,"Drama, Mystery, Sci-Fi, Thriller",,"An anthology series about technology's darkest possibilities. Each episode is a standalone nightmare of screens, surveillance, and the human appetite for control.",2017,"Anthology cast (varies by episode): Daniel Kaluuya, Bryce Dallas Howard, Jon Hamm, Hayley Atwell, Jesse Plemons, Aaron Paul"
Series,Black Mirror,Season 5,Episode 1,https://ployan.me/watch/?v11#Ykd0Wk9RUFVWNmU4NWRhaDlxdXFmSmd2cUEwdFZrRXZlMlY3UVc4YUQ3d2syamJXTVBtZFZHMjIvL3c2SnZGOWgrd2o,"Drama, Mystery, Sci-Fi, Thriller",,"An anthology series about technology's darkest possibilities. Each episode is a standalone nightmare of screens, surveillance, and the human appetite for control.",2019,"Anthology cast (varies by episode): Daniel Kaluuya, Bryce Dallas Howard, Jon Hamm, Hayley Atwell, Jesse Plemons, Aaron Paul"
Series,Black Mirror,Season 5,Episode 2,https://ployan.me/watch/?v12#eWp4ekFTVThVN1d2S1lwSVIzWEdFajlSdU5lUTRXaWVKQ3ZsWFpOcFBJTWRoWkw3NmtjYTBuVWhIU3A2dEJldE1nNTg,"Drama, Mystery, Sci-Fi, Thriller",,"An anthology series about technology's darkest possibilities. Each episode is a standalone nightmare of screens, surveillance, and the human appetite for control.",2019,"Anthology cast (varies by episode): Daniel Kaluuya, Bryce Dallas Howard, Jon Hamm, Hayley Atwell, Jesse Plemons, Aaron Paul"
Series,Black Mirror,Season 5,Episode 3,https://ployan.me/watch/?v13#anBTZkV0Y1pYZndhaTBJNXZzZnphMjFCOGRUUGRMTHpCUzlndGF5eFpUNkVSejhodHhmeUF1SVg1Y3pGRDczbWF0K2E,"Drama, Mystery, Sci-Fi, Thriller",,"An anthology series about technology's darkest possibilities. Each episode is a standalone nightmare of screens, surveillance, and the human appetite for control.",2019,"Anthology cast (varies by episode): Daniel Kaluuya, Bryce Dallas Howard, Jon Hamm, Hayley Atwell, Jesse Plemons, Aaron Paul"
Series,Black Mirror,Season 6,Episode 1,https://ployan.me/watch/?v11#RVFDQTNaTm0vTDhneERXcERadzFYSkROY09iaGhqZG16Tll2bUlyMUlSb0k5NTl2S1E4a0V3S3I2aEhPYkZxYWJpQWRIUDRtNFEwPQ,"Drama, Mystery, Sci-Fi, Thriller",,"An anthology series about technology's darkest possibilities. Each episode is a standalone nightmare of screens, surveillance, and the human appetite for control.",2023,"Anthology cast (varies by episode): Daniel Kaluuya, Bryce Dallas Howard, Jon Hamm, Hayley Atwell, Jesse Plemons, Aaron Paul"
Series,Black Mirror,Season 6,Episode 2,https://ployan.me/watch/?v12#eU9KbFYrTVZQRk9rUlR0aEtoS1hmMlplK2J3VnRnZDBITU92WGFFdGNkeTNCZ2dKS0p0WDAvUHE3ZW9xSTFpWWFHbjZVWEtINUJBPQ,"Drama, Mystery, Sci-Fi, Thriller",,"An anthology series about technology's darkest possibilities. Each episode is a standalone nightmare of screens, surveillance, and the human appetite for control.",2023,"Anthology cast (varies by episode): Daniel Kaluuya, Bryce Dallas Howard, Jon Hamm, Hayley Atwell, Jesse Plemons, Aaron Paul"
Series,Black Mirror,Season 6,Episode 3,https://ployan.me/watch/?v13#UUxjbkU1aTFuV2JaKzVyUlJLVHFDbzRtK050YmlSM1lpZlpBODlCbGNNaEY4RENNKzNGdVhqQlRwaW9ibit2MFk1NWhJaW1ZRFhrPQ,"Drama, Mystery, Sci-Fi, Thriller",,"An anthology series about technology's darkest possibilities. Each episode is a standalone nightmare of screens, surveillance, and the human appetite for control.",2023,"Anthology cast (varies by episode): Daniel Kaluuya, Bryce Dallas Howard, Jon Hamm, Hayley Atwell, Jesse Plemons, Aaron Paul"
Series,Black Mirror,Season 6,Episode 4,https://ployan.me/watch/?v14#UHpDVUlEN2hGWDFnN2dqNVNaWnJONjJFN0xDMEpybkp5M2J0R0FyYSsxazhWVXNRT2JQZW5RelFFZ0l2ZXN4Q1dCRlBBdzBRNnIwPQ,"Drama, Mystery, Sci-Fi, Thriller",,"An anthology series about technology's darkest possibilities. Each episode is a standalone nightmare of screens, surveillance, and the human appetite for control.",2023,"Anthology cast (varies by episode): Daniel Kaluuya, Bryce Dallas Howard, Jon Hamm, Hayley Atwell, Jesse Plemons, Aaron Paul"
Series,Black Mirror,Season 6,Episode 5,https://ployan.me/watch/?v15#UHJMTjRZL3dQaFQ2RFl0eTQrTXVKRktXaDl5UHBlY05tLzYrckpmZ1ovWi80VHJab1R0OWtSbGx0MHV5YUhMdlJKVWprZ1BUUGMwPQ,"Drama, Mystery, Sci-Fi, Thriller",,"An anthology series about technology's darkest possibilities. Each episode is a standalone nightmare of screens, surveillance, and the human appetite for control.",2023,"Anthology cast (varies by episode): Daniel Kaluuya, Bryce Dallas Howard, Jon Hamm, Hayley Atwell, Jesse Plemons, Aaron Paul"
Series,The Office (US),Season 1,Episode 1,https://ployan.me/watch/?v11#Y2ZqemxPWHV3MjFQZ0QvV1oxV3BSZFJVZmNtZVkwSEM5elQzY1VvN0o0QlErOXJpcmtMRmJOR1ZIUU1NYU9FYytCdz0,Comedy,,"A mockumentary about the employees of Dunder Mifflin Scranton. Cringe comedy, workplace romance, and Michael Scott's unmatched talent for making meetings worse.",2005,"Steve Carell, Rainn Wilson, John Krasinski, Jenna Fischer, B.J. Novak, Mindy Kaling"
Series,The Office (US),Season 1,Episode 2,https://ployan.me/watch/?v12#WWxYWW92OTE0dWYrUDhzblpWNm9zemJoaElFbHNtbVZPN0YrdFFjT3p5dndvRm1kcXk5Y0RjNGc1UVpqQURlTXRWUT0,Comedy,,"A mockumentary about the employees of Dunder Mifflin Scranton. Cringe comedy, workplace romance, and Michael Scott's unmatched talent for making meetings worse.",2005,"Steve Carell, Rainn Wilson, John Krasinski, Jenna Fischer, B.J. Novak, Mindy Kaling"
Series,The Office (US),Season 1,Episode 3,https://ployan.me/watch/?v13#ekNtL1dZalQ4SkFLeUR0UmNROWw4WEp2aVdBNWNOQVJPZS9wdWFTMnlwOHBwYWZ0RG96TU44SzQ0UUtjeFZVSTZOWT0,Comedy,,"A mockumentary about the employees of Dunder Mifflin Scranton. Cringe comedy, workplace romance, and Michael Scott's unmatched talent for making meetings worse.",2005,"Steve Carell, Rainn Wilson, John Krasinski, Jenna Fischer, B.J. Novak, Mindy Kaling"
Series,The Office (US),Season 1,Episode 4,https://ployan.me/watch/?v14#b2tZcEFGeVpmVi83MW0zMUNMOGJzN3lmZ0o3bURuWjFLOU9JeFlmQzU1VncrdE5xSUIrNTY4SU96dGZOWGpRb2xDRT0,Comedy,,"A mockumentary about the employees of Dunder Mifflin Scranton. Cringe comedy, workplace romance, and Michael Scott's unmatched talent for making meetings worse.",2005,"Steve Carell, Rainn Wilson, John Krasinski, Jenna Fischer, B.J. Novak, Mindy Kaling"
Series,The Office (US),Season 1,Episode 5,https://ployan.me/watch/?v15#ZzdNVFdZY3BFZ2hteTRQTGVpcWduZkk3UlJlUVNpeHJLd3Jlck5jb3ArSzcydmNhNSszcEJGdTZGV1pKVitPcXJ4Yz0,Comedy,,"A mockumentary about the employees of Dunder Mifflin Scranton. Cringe comedy, workplace romance, and Michael Scott's unmatched talent for making meetings worse.",2005,"Steve Carell, Rainn Wilson, John Krasinski, Jenna Fischer, B.J. Novak, Mindy Kaling"
Series,The Office (US),Season 1,Episode 6,https://ployan.me/watch/?v16#UUIrRHFHVDBIYllEU25OLzUwazRUNy9LY2dMejRqcWJrQzc1aUw3TTN6VGdOTHFtMzZHeVlOZkk1NzlqVjZFc21waz0,Comedy,,"A mockumentary about the employees of Dunder Mifflin Scranton. Cringe comedy, workplace romance, and Michael Scott's unmatched talent for making meetings worse.",2005,"Steve Carell, Rainn Wilson, John Krasinski, Jenna Fischer, B.J. Novak, Mindy Kaling"
Series,The Office (US),Season 2,Episode 1,https://ployan.me/watch/?v11#Tm81b204VzM3UWFudzRGalRBWFRva0xpbERzMlBOdFFaVldienlWNDlYazI2bytRZ01uNjUyUVVYeUVySW1rbUdxRT0,Comedy,,"A mockumentary about the employees of Dunder Mifflin Scranton. Cringe comedy, workplace romance, and Michael Scott's unmatched talent for making meetings worse.",2005,"Steve Carell, Rainn Wilson, John Krasinski, Jenna Fischer, B.J. Novak, Mindy Kaling"
Series,The Office (US),Season 2,Episode 2,https://ployan.me/watch/?v12#QnlORFdKR1JNeDVWYTUzWnFablFUSGZPNWJkeHdaUkhVYXppa0YrTjNqUzZGdUxUL3l3YytIZUJjMFhrWFpjZXYydz0,Comedy,,"A mockumentary about the employees of Dunder Mifflin Scranton. Cringe comedy, workplace romance, and Michael Scott's unmatched talent for making meetings worse.",2005,"Steve Carell, Rainn Wilson, John Krasinski, Jenna Fischer, B.J. Novak, Mindy Kaling"
Series,The Office (US),Season 2,Episode 3,https://ployan.me/watch/?v13#ZG1McXFFdVJxODIyZHhiRmJXN0cxa3pEOC9QNmlqeGgvbVdwT0lVYWJvbkhjSW9kYXRkZURudWNyVm1MWEZiUWtsYz0,Comedy,,"A mockumentary about the employees of Dunder Mifflin Scranton. Cringe comedy, workplace romance, and Michael Scott's unmatched talent for making meetings worse.",2005,"Steve Carell, Rainn Wilson, John Krasinski, Jenna Fischer, B.J. Novak, Mindy Kaling"
Series,The Office (US),Season 2,Episode 4,https://ployan.me/watch/?v14#WVlYRU51Q0R1SzZBV1VWanFZeXZ2ZUtuTU9XQmlzRW9JV21ac2hYeDg1U3dQOUxwazYwcGZod3RJeEt3cWFNNm1uTT0,Comedy,,"A mockumentary about the employees of Dunder Mifflin Scranton. Cringe comedy, workplace romance, and Michael Scott's unmatched talent for making meetings worse.",2005,"Steve Carell, Rainn Wilson, John Krasinski, Jenna Fischer, B.J. Novak, Mindy Kaling"
Series,The Office (US),Season 2,Episode 5,https://ployan.me/watch/?v15#dmlXZm5pVXVCamdSbnpSdndWeGZaY09DSXczOWFteXpLamdoOGhncTdPWEx4dkQ3eEFvQ0hUMTZBR0NiZDdnUC9hVT0,Comedy,,"A mockumentary about the employees of Dunder Mifflin Scranton. Cringe comedy, workplace romance, and Michael Scott's unmatched talent for making meetings worse.",2005,"Steve Carell, Rainn Wilson, John Krasinski, Jenna Fischer, B.J. Novak, Mindy Kaling"
Series,The Office (US),Season 2,Episode 6,https://ployan.me/watch/?v16#RXVmSXdHR3dONnN3UHE0TXhqUGxNYmdTU2hhdFJ0N1A2QlBKQTZaYWxNdjlVZDRERGdPUGlqandBcnV2bm5veXduND0,Comedy,,"A mockumentary about the employees of Dunder Mifflin Scranton. Cringe comedy, workplace romance, and Michael Scott's unmatched talent for making meetings worse.",2005,"Steve Carell, Rainn Wilson, John Krasinski, Jenna Fischer, B.J. Novak, Mindy Kaling"
Series,The Office (US),Season 2,Episode 7,https://ployan.me/watch/?v17#Y3hPeDBtVnIxbFowaEFJSElZb0RSdFg0UnZCZWVwYkhpR3IvM2RHa3ZyNjYzZVdXTHRKMkJOQkR0VzhtSDIzR1F1ND0,Comedy,,"A mockumentary about the employees of Dunder Mifflin Scranton. Cringe comedy, workplace romance, and Michael Scott's unmatched talent for making meetings worse.",2005,"Steve Carell, Rainn Wilson, John Krasinski, Jenna Fischer, B.J. Novak, Mindy Kaling"
Series,The Office (US),Season 2,Episode 8,https://ployan.me/watch/?v18#SnNMMFNGVXh6cWhHQURtcWJNV3RlbzJjYlFway9hZm5JNXEyOUpkN2tLbkF5QzJPa2pUKys5aHVaNzRFOXFJSHNaMD0,Comedy,,"A mockumentary about the employees of Dunder Mifflin Scranton. Cringe comedy, workplace romance, and Michael Scott's unmatched talent for making meetings worse.",2005,"Steve Carell, Rainn Wilson, John Krasinski, Jenna Fischer, B.J. Novak, Mindy Kaling"
Series,The Office (US),Season 2,Episode 9,https://ployan.me/watch/?v19#VjNhWWRLaHNRbjRxVndUS1JPN0tLYjkvc0FHdElzSm15L3FQNm94c1JRNklPd2JDbWQzMW1jeUlKNytoVGo2b3kxUT0,Comedy,,"A mockumentary about the employees of Dunder Mifflin Scranton. Cringe comedy, workplace romance, and Michael Scott's unmatched talent for making meetings worse.",2005,"Steve Carell, Rainn Wilson, John Krasinski, Jenna Fischer, B.J. Novak, Mindy Kaling"
Series,The Office (US),Season 2,Episode 10,https://ployan.me/watch/?v110#UzY3L01tdHdCMkRwV2ZxdUx6YWFDekpENkIwMWV3TnB5TWl2TE91elRLYVNNd3lES3ZGTkVNZWxPcjdkMGQwa0ZNZVE,Comedy,,"A mockumentary about the employees of Dunder Mifflin Scranton. Cringe comedy, workplace romance, and Michael Scott's unmatched talent for making meetings worse.",2005,"Steve Carell, Rainn Wilson, John Krasinski, Jenna Fischer, B.J. Novak, Mindy Kaling"
Series,The Office (US),Season 2,Episode 11,https://ployan.me/watch/?v111#cnl5RW5sWVRoWWc3RmdEaTZaZ2s5aHhLRzJCTkxoSnRlTjlITm41K2FmOGlBN0V4VDNpNjNNaFo1WEl1bkpLdkdNYks,Comedy,,"A mockumentary about the employees of Dunder Mifflin Scranton. Cringe comedy, workplace romance, and Michael Scott's unmatched talent for making meetings worse.",2005,"Steve Carell, Rainn Wilson, John Krasinski, Jenna Fischer, B.J. Novak, Mindy Kaling"
Series,The Office (US),Season 2,Episode 12,https://ployan.me/watch/?v112#eGZOUlVaL3lDczR6c0tKbnEwYjBxYzhqbk1KN3FaeVVEVndhOVJJZ2dzZ0JLZHE5cnR6c24zZWlzT2Roa2EyL1ZpbHI,Comedy,,"A mockumentary about the employees of Dunder Mifflin Scranton. Cringe comedy, workplace romance, and Michael Scott's unmatched talent for making meetings worse.",2005,"Steve Carell, Rainn Wilson, John Krasinski, Jenna Fischer, B.J. Novak, Mindy Kaling"
Series,The Office (US),Season 2,Episode 13,https://ployan.me/watch/?v113#MkFTNXJ3OUFuSHBaOUFjVGFDNjVFT3ovMitjekNXUEl1WG5hbjBFMXRaODU1Rnd6UVpFcGxwNFZPQW52d3A5WGxHR0g,Comedy,,"A mockumentary about the employees of Dunder Mifflin Scranton. Cringe comedy, workplace romance, and Michael Scott's unmatched talent for making meetings worse.",2005,"Steve Carell, Rainn Wilson, John Krasinski, Jenna Fischer, B.J. Novak, Mindy Kaling"
Series,The Office (US),Season 2,Episode 14,https://ployan.me/watch/?v114#YnFwM3psandWdEFtVkNVM1lpZUVwRzU3cWVrSWpscXJKVlRndEFlM0pNOS9hRTRRbXQwekNnMmsxM1lpZVh3QmR4Qzc,Comedy,,"A mockumentary about the employees of Dunder Mifflin Scranton. Cringe comedy, workplace romance, and Michael Scott's unmatched talent for making meetings worse.",2005,"Steve Carell, Rainn Wilson, John Krasinski, Jenna Fischer, B.J. Novak, Mindy Kaling"
Series,The Office (US),Season 2,Episode 15,https://ployan.me/watch/?v115#QkRWUktqM1RIODRkTlRzUGpmRnY1aGxqRE9ndUxFODlsbXN5MWx1WU1Uc3Y2Y3lFNERLVGMwZUdJTnl4TmxWVnpGbzM,Comedy,,"A mockumentary about the employees of Dunder Mifflin Scranton. Cringe comedy, workplace romance, and Michael Scott's unmatched talent for making meetings worse.",2005,"Steve Carell, Rainn Wilson, John Krasinski, Jenna Fischer, B.J. Novak, Mindy Kaling"
Series,The Office (US),Season 2,Episode 16,https://ployan.me/watch/?v116#MElJMWovK2dWdklWSDhUZWgwdWwxbEF5MEtPUXFLdS9Sc3JKQXBxaDBYSGxLR2RZYjNmaEliaWJ1eHY2QU9kSnUxRm4,Comedy,,"A mockumentary about the employees of Dunder Mifflin Scranton. Cringe comedy, workplace romance, and Michael Scott's unmatched talent for making meetings worse.",2005,"Steve Carell, Rainn Wilson, John Krasinski, Jenna Fischer, B.J. Novak, Mindy Kaling"
Series,The Office (US),Season 2,Episode 17,https://ployan.me/watch/?v117#Y2RpQ3pkcU9ibjhHVDRvaVF3eXB1K2xiOFk4bFJUU1FUelE2czMxc2dabWFhK1kzclRKa2tIQjc2cnJCcFZIQlFvY1I,Comedy,,"A mockumentary about the employees of Dunder Mifflin Scranton. Cringe comedy, workplace romance, and Michael Scott's unmatched talent for making meetings worse.",2005,"Steve Carell, Rainn Wilson, John Krasinski, Jenna Fischer, B.J. Novak, Mindy Kaling"
Series,The Office (US),Season 2,Episode 18,https://ployan.me/watch/?v118#SGhFVjkrQUtUNW1jbEpkeVIwOVMzaGQ0WWJiM2M5U3hDMWhybzlRd2hET2VkOGVSRWNud0I2cXpxOVRETnAxaHF6a1Y,Comedy,,"A mockumentary about the employees of Dunder Mifflin Scranton. Cringe comedy, workplace romance, and Michael Scott's unmatched talent for making meetings worse.",2005,"Steve Carell, Rainn Wilson, John Krasinski, Jenna Fischer, B.J. Novak, Mindy Kaling"
Series,The Office (US),Season 2,Episode 19,https://ployan.me/watch/?v119#ZVlFcW1zeVVVSTB6T1BBQzFlZ3RTYWV4ZnlKQTlOb0JJYWtiNVQrZjlGZTF2cjlOTDQ4NlVtdWNaN1hIdEdwdWNnamE,Comedy,,"A mockumentary about the employees of Dunder Mifflin Scranton. Cringe comedy, workplace romance, and Michael Scott's unmatched talent for making meetings worse.",2005,"Steve Carell, Rainn Wilson, John Krasinski, Jenna Fischer, B.J. Novak, Mindy Kaling"
Series,The Office (US),Season 2,Episode 20,https://ployan.me/watch/?v120#RzVIdVIyS3Q5YnZjRVoxYXdjWUphOWdzT1ZBaTN4MENZUk9UL2k0TmtqemVXc0VFZVNwenl0OUwyK1ZDQ0ZpSEdDdzc,Comedy,,"A mockumentary about the employees of Dunder Mifflin Scranton. Cringe comedy, workplace romance, and Michael Scott's unmatched talent for making meetings worse.",2005,"Steve Carell, Rainn Wilson, John Krasinski, Jenna Fischer, B.J. Novak, Mindy Kaling"
Series,The Office (US),Season 2,Episode 21,https://ployan.me/watch/?v121#amZzM3MxRjJuaUFid3hSRTNsemtlbHhqY2xETHpZM29Fa3h6TCtMQ2YyZWFqVTFmN3FzcnRyYzhUNlJHUnNEQjlHeEQ,Comedy,,"A mockumentary about the employees of Dunder Mifflin Scranton. Cringe comedy, workplace romance, and Michael Scott's unmatched talent for making meetings worse.",2005,"Steve Carell, Rainn Wilson, John Krasinski, Jenna Fischer, B.J. Novak, Mindy Kaling"
Series,The Office (US),Season 2,Episode 22,https://ployan.me/watch/?v122#eVRoeWRBSDNmRjdmZTRMRUZ1K1UxbHhaTUFiZ3RIR3NneGNuMXMrOW41MDF3RTJzNzRTM3hKUDRnWS9aeWNtV0oyL3I,Comedy,,"A mockumentary about the employees of Dunder Mifflin Scranton. Cringe comedy, workplace romance, and Michael Scott's unmatched talent for making meetings worse.",2005,"Steve Carell, Rainn Wilson, John Krasinski, Jenna Fischer, B.J. Novak, Mindy Kaling"
Series,The Office (US),Season 3,Episode 1,https://ployan.me/watch/?v11#TE1uMkNxbUtaM20zeWhINVUxUEIwT0VBZ2xJeHF3d2RraytQU1JubVdhSWlYK0hNb2o4YWdPeGtXOEFLdWEybzgyRT0,Comedy,,"A mockumentary about the employees of Dunder Mifflin Scranton. Cringe comedy, workplace romance, and Michael Scott's unmatched talent for making meetings worse.",2006,"Steve Carell, Rainn Wilson, John Krasinski, Jenna Fischer, B.J. Novak, Mindy Kaling"
Series,The Office (US),Season 3,Episode 2,https://ployan.me/watch/?v12#RjVPU0xtWTdtVmhEazA1OWpFcTlyQmRvSGNub25BbmZZY1EzK1NzcXFJaVpsTUJzSXlJeldQUit2MEtHODdTWkxBND0,Comedy,,"A mockumentary about the employees of Dunder Mifflin Scranton. Cringe comedy, workplace romance, and Michael Scott's unmatched talent for making meetings worse.",2006,"Steve Carell, Rainn Wilson, John Krasinski, Jenna Fischer, B.J. Novak, Mindy Kaling"
Series,The Office (US),Season 3,Episode 3,https://ployan.me/watch/?v13#VlFIUHhuaDM3SlRIdGk4ZEVFemFuQnh0TlovVU03SWN5bFppK2NhYnJKb3dWMlJVYmpxSXAyN0tBM051RjIwTUs5VT0,Comedy,,"A mockumentary about the employees of Dunder Mifflin Scranton. Cringe comedy, workplace romance, and Michael Scott's unmatched talent for making meetings worse.",2006,"Steve Carell, Rainn Wilson, John Krasinski, Jenna Fischer, B.J. Novak, Mindy Kaling"
Series,The Office (US),Season 3,Episode 4,https://ployan.me/watch/?v14#QVZhYU53RmJRcmZiSk4yTXBobmpYWHFQc1VmVkpuczJTNEVHUHAyUDhlTk44V3FEVnBkQTBRRDdwNnJtV00vanVHaz0,Comedy,,"A mockumentary about the employees of Dunder Mifflin Scranton. Cringe comedy, workplace romance, and Michael Scott's unmatched talent for making meetings worse.",2006,"Steve Carell, Rainn Wilson, John Krasinski, Jenna Fischer, B.J. Novak, Mindy Kaling"
Series,The Office (US),Season 3,Episode 5,https://ployan.me/watch/?v15#QUZzbjVERU1nQXdsUzVCeVBKWnFWekdRRTRQOS9xdm5VcEVyZXk5dDl5N0ZaUFhmRmZBbDE0Z0dIYlJxZnFTNzVHWT0,Comedy,,"A mockumentary about the employees of Dunder Mifflin Scranton. Cringe comedy, workplace romance, and Michael Scott's unmatched talent for making meetings worse.",2006,"Steve Carell, Rainn Wilson, John Krasinski, Jenna Fischer, B.J. Novak, Mindy Kaling"
Series,The Office (US),Season 3,Episode 6,https://ployan.me/watch/?v16#TVdtU3djNTNXbXQ5NHVpMTNhR1VTWmg5QjQ3ZWF4OFppbjRhMGh4RHBaQW92c2xsMGVXeHU2NTQwOGdyZUxDeEc5MD0,Comedy,,"A mockumentary about the employees of Dunder Mifflin Scranton. Cringe comedy, workplace romance, and Michael Scott's unmatched talent for making meetings worse.",2006,"Steve Carell, Rainn Wilson, John Krasinski, Jenna Fischer, B.J. Novak, Mindy Kaling"
Series,The Office (US),Season 3,Episode 7,https://ployan.me/watch/?v17#TDBVajM3NUxMVUdUbGp1WmZ3ZWthbjhjYzJaT3VxNldCUnlSdmFLbDUvMTh1QUh3a3Bhdld5eTFjcjVmQkp4dDNUMD0,Comedy,,"A mockumentary about the employees of Dunder Mifflin Scranton. Cringe comedy, workplace romance, and Michael Scott's unmatched talent for making meetings worse.",2006,"Steve Carell, Rainn Wilson, John Krasinski, Jenna Fischer, B.J. Novak, Mindy Kaling"
Series,The Office (US),Season 3,Episode 8,https://ployan.me/watch/?v18#OXZ6M2k4VW1wWFYrem8yNFFCT3dKbUd6ay9hUUVPSHQ2eWwvVzdpaXUyMnpYQ25rU1E2dHpaVkZERkJBWDRPYzhRRT0,Comedy,,"A mockumentary about the employees of Dunder Mifflin Scranton. Cringe comedy, workplace romance, and Michael Scott's unmatched talent for making meetings worse.",2006,"Steve Carell, Rainn Wilson, John Krasinski, Jenna Fischer, B.J. Novak, Mindy Kaling"
Series,The Office (US),Season 3,Episode 9,https://ployan.me/watch/?v19#TXFqb3EzMEQxZ2dJT2ZOdWNCa1czMXNtS2lSQURoQXBBTDdhQlFyOENzTGV6OHEvYXhVUnU5N2FDVXlEQkxXb0N3az0,Comedy,,"A mockumentary about the employees of Dunder Mifflin Scranton. Cringe comedy, workplace romance, and Michael Scott's unmatched talent for making meetings worse.",2006,"Steve Carell, Rainn Wilson, John Krasinski, Jenna Fischer, B.J. Novak, Mindy Kaling"
Series,Panchayat,Season 1,Episode 1,https://morencius.com/file/tf8r5x32o997,"Comedy, Drama",,"An engineering graduate takes a job as secretary of a remote village panchayat. Gentle comedy-drama about bureaucracy, pride, and finding purpose far from the city.",2020,"Jitendra Kumar, Raghubir Yadav, Neena Gupta, Chandan Roy, Faisal Malik, Sanvikaa"
Series,Panchayat,Season 1,Episode 2,https://morencius.com/file/lamuedkjzs2b,"Comedy, Drama",,"An engineering graduate takes a job as secretary of a remote village panchayat. Gentle comedy-drama about bureaucracy, pride, and finding purpose far from the city.",2020,"Jitendra Kumar, Raghubir Yadav, Neena Gupta, Chandan Roy, Faisal Malik, Sanvikaa"
Series,Panchayat,Season 1,Episode 3,https://morencius.com/file/zeebygdwfkjq,"Comedy, Drama",,"An engineering graduate takes a job as secretary of a remote village panchayat. Gentle comedy-drama about bureaucracy, pride, and finding purpose far from the city.",2020,"Jitendra Kumar, Raghubir Yadav, Neena Gupta, Chandan Roy, Faisal Malik, Sanvikaa"
Series,Panchayat,Season 1,Episode 4,https://morencius.com/file/t087xnwqj1wc,"Comedy, Drama",,"An engineering graduate takes a job as secretary of a remote village panchayat. Gentle comedy-drama about bureaucracy, pride, and finding purpose far from the city.",2020,"Jitendra Kumar, Raghubir Yadav, Neena Gupta, Chandan Roy, Faisal Malik, Sanvikaa"
Series,Panchayat,Season 1,Episode 5,https://morencius.com/file/vqc9rbv1l253,"Comedy, Drama",,"An engineering graduate takes a job as secretary of a remote village panchayat. Gentle comedy-drama about bureaucracy, pride, and finding purpose far from the city.",2020,"Jitendra Kumar, Raghubir Yadav, Neena Gupta, Chandan Roy, Faisal Malik, Sanvikaa"
Series,Panchayat,Season 1,Episode 6,https://morencius.com/file/kwe2ddtzx6bh,"Comedy, Drama",,"An engineering graduate takes a job as secretary of a remote village panchayat. Gentle comedy-drama about bureaucracy, pride, and finding purpose far from the city.",2020,"Jitendra Kumar, Raghubir Yadav, Neena Gupta, Chandan Roy, Faisal Malik, Sanvikaa"
Series,Panchayat,Season 1,Episode 7,https://morencius.com/file/pop2iuakjibk,"Comedy, Drama",,"An engineering graduate takes a job as secretary of a remote village panchayat. Gentle comedy-drama about bureaucracy, pride, and finding purpose far from the city.",2020,"Jitendra Kumar, Raghubir Yadav, Neena Gupta, Chandan Roy, Faisal Malik, Sanvikaa"
Series,Panchayat,Season 1,Episode 8,https://morencius.com/file/o1c0t19zzi5x,"Comedy, Drama, Romance",,"An engineering graduate takes a job as secretary of a remote village panchayat. Gentle comedy-drama about bureaucracy, pride, and finding purpose far from the city.",2020,"Jitendra Kumar, Raghubir Yadav, Neena Gupta, Chandan Roy, Faisal Malik, Sanvikaa"
Series,Musafir Cafe,Season 1,Episode 1,https://morencius.com/file/p9k4xr74ybl4,"Comedy, Drama, Romance",,"Chander feels an undeniable connection with lawyer Sudha, then years later builds a new life in the hills with Preeti. A Hindi romance about how the people we love shape who we become.",2026,"Vikrant Massey, Vedika Pinto, Mahima Makwana, Adil Hussain, Rajeev Siddhartha, Sadiya Siddiqui"
Series,Musafir Cafe,Season 1,Episode 2,https://morencius.com/file/kutthrwia9vv,"Comedy, Drama, Romance",,"Chander feels an undeniable connection with lawyer Sudha, then years later builds a new life in the hills with Preeti. A Hindi romance about how the people we love shape who we become.",2026,"Vikrant Massey, Vedika Pinto, Mahima Makwana, Adil Hussain, Rajeev Siddhartha, Sadiya Siddiqui"
Series,Musafir Cafe,Season 1,Episode 3,https://morencius.com/file/hzqvthf2nl98,"Comedy, Drama, Romance",,"Chander feels an undeniable connection with lawyer Sudha, then years later builds a new life in the hills with Preeti. A Hindi romance about how the people we love shape who we become.",2026,"Vikrant Massey, Vedika Pinto, Mahima Makwana, Adil Hussain, Rajeev Siddhartha, Sadiya Siddiqui"
Series,Musafir Cafe,Season 1,Episode 4,https://morencius.com/file/79suqsu55de7,"Comedy, Drama, Romance",,"Chander feels an undeniable connection with lawyer Sudha, then years later builds a new life in the hills with Preeti. A Hindi romance about how the people we love shape who we become.",2026,"Vikrant Massey, Vedika Pinto, Mahima Makwana, Adil Hussain, Rajeev Siddhartha, Sadiya Siddiqui"
Series,Musafir Cafe,Season 1,Episode 5,https://morencius.com/file/i5ptk8ujvuvf,"Comedy, Drama, Romance",,"Chander feels an undeniable connection with lawyer Sudha, then years later builds a new life in the hills with Preeti. A Hindi romance about how the people we love shape who we become.",2026,"Vikrant Massey, Vedika Pinto, Mahima Makwana, Adil Hussain, Rajeev Siddhartha, Sadiya Siddiqui"
Series,Musafir Cafe,Season 1,Episode 6,https://morencius.com/file/t0k7siv85i1r,"Comedy, Drama, Romance",,"Chander feels an undeniable connection with lawyer Sudha, then years later builds a new life in the hills with Preeti. A Hindi romance about how the people we love shape who we become.",2026,"Vikrant Massey, Vedika Pinto, Mahima Makwana, Adil Hussain, Rajeev Siddhartha, Sadiya Siddiqui"
Series,Musafir Cafe,Season 1,Episode 7,https://morencius.com/file/xfndf9afivxn,"Comedy, Drama, Romance",,"Chander feels an undeniable connection with lawyer Sudha, then years later builds a new life in the hills with Preeti. A Hindi romance about how the people we love shape who we become.",2026,"Vikrant Massey, Vedika Pinto, Mahima Makwana, Adil Hussain, Rajeev Siddhartha, Sadiya Siddiqui"
Series,Musafir Cafe,Season 1,Episode 8,https://morencius.com/file/rhij9pj06hqe,"Comedy, Horror, Fantasy",,"Chander feels an undeniable connection with lawyer Sudha, then years later builds a new life in the hills with Preeti. A Hindi romance about how the people we love shape who we become.",2026,"Vikrant Massey, Vedika Pinto, Mahima Makwana, Adil Hussain, Rajeev Siddhartha, Sadiya Siddiqui"
Series,What We Do In The Shadows,Season 1,Episode 1,https://imperial.p2pstream.vip/#yjmtoc,"Comedy, Horror, Fantasy",,"A mockumentary about vampire roommates on Staten Island trying to navigate modern life. Coffins, council politics, and familiar energy—plus a very loyal familiar.",2019,"Kayvan Novak, Matt Berry, Natasia Demetriou, Harvey Guillén, Mark Proksch, Kristen Schaal"
Series,What We Do In The Shadows,Season 1,Episode 2,https://imperial.p2pstream.vip/#h65fdf,"Comedy, Horror, Fantasy",,"A mockumentary about vampire roommates on Staten Island trying to navigate modern life. Coffins, council politics, and familiar energy—plus a very loyal familiar.",2019,"Kayvan Novak, Matt Berry, Natasia Demetriou, Harvey Guillén, Mark Proksch, Kristen Schaal"
Series,What We Do In The Shadows,Season 1,Episode 3,https://imperial.p2pstream.vip/#6zo1mk,"Comedy, Horror, Fantasy",,"A mockumentary about vampire roommates on Staten Island trying to navigate modern life. Coffins, council politics, and familiar energy—plus a very loyal familiar.",2019,"Kayvan Novak, Matt Berry, Natasia Demetriou, Harvey Guillén, Mark Proksch, Kristen Schaal"
Series,What We Do In The Shadows,Season 1,Episode 4,https://imperial.p2pstream.vip/#q5ezpm,"Comedy, Horror, Fantasy",,"A mockumentary about vampire roommates on Staten Island trying to navigate modern life. Coffins, council politics, and familiar energy—plus a very loyal familiar.",2019,"Kayvan Novak, Matt Berry, Natasia Demetriou, Harvey Guillén, Mark Proksch, Kristen Schaal"
Series,What We Do In The Shadows,Season 1,Episode 5,https://imperial.p2pstream.vip/#tuhbrz,"Comedy, Horror, Fantasy",,"A mockumentary about vampire roommates on Staten Island trying to navigate modern life. Coffins, council politics, and familiar energy—plus a very loyal familiar.",2019,"Kayvan Novak, Matt Berry, Natasia Demetriou, Harvey Guillén, Mark Proksch, Kristen Schaal"
Series,What We Do In The Shadows,Season 2,Episode 1,https://imperial.p2pstream.vip/#dmalfu,"Comedy, Horror, Fantasy",,"A mockumentary about vampire roommates on Staten Island trying to navigate modern life. Coffins, council politics, and familiar energy—plus a very loyal familiar.",2020,"Kayvan Novak, Matt Berry, Natasia Demetriou, Harvey Guillén, Mark Proksch, Kristen Schaal"
Series,What We Do In The Shadows,Season 2,Episode 2,https://imperial.p2pstream.vip/#idp1nr,"Comedy, Horror, Fantasy",,"A mockumentary about vampire roommates on Staten Island trying to navigate modern life. Coffins, council politics, and familiar energy—plus a very loyal familiar.",2020,"Kayvan Novak, Matt Berry, Natasia Demetriou, Harvey Guillén, Mark Proksch, Kristen Schaal"
Series,What We Do In The Shadows,Season 2,Episode 3,https://imperial.p2pstream.vip/#un6qgc,"Comedy, Horror, Fantasy",,"A mockumentary about vampire roommates on Staten Island trying to navigate modern life. Coffins, council politics, and familiar energy—plus a very loyal familiar.",2020,"Kayvan Novak, Matt Berry, Natasia Demetriou, Harvey Guillén, Mark Proksch, Kristen Schaal"
Series,What We Do In The Shadows,Season 2,Episode 4,https://imperial.p2pstream.vip/#ascyqt,"Comedy, Horror, Fantasy",,"A mockumentary about vampire roommates on Staten Island trying to navigate modern life. Coffins, council politics, and familiar energy—plus a very loyal familiar.",2020,"Kayvan Novak, Matt Berry, Natasia Demetriou, Harvey Guillén, Mark Proksch, Kristen Schaal"
Series,What We Do In The Shadows,Season 2,Episode 5,https://imperial.p2pstream.vip/#ascypk,"Comedy, Horror, Fantasy",,"A mockumentary about vampire roommates on Staten Island trying to navigate modern life. Coffins, council politics, and familiar energy—plus a very loyal familiar.",2020,"Kayvan Novak, Matt Berry, Natasia Demetriou, Harvey Guillén, Mark Proksch, Kristen Schaal"
Series,What We Do In The Shadows,Season 2,Episode 6,https://imperial.p2pstream.vip/#ebnhor,"Comedy, Horror, Fantasy",,"A mockumentary about vampire roommates on Staten Island trying to navigate modern life. Coffins, council politics, and familiar energy—plus a very loyal familiar.",2020,"Kayvan Novak, Matt Berry, Natasia Demetriou, Harvey Guillén, Mark Proksch, Kristen Schaal"
Series,What We Do In The Shadows,Season 2,Episode 7,https://imperial.p2pstream.vip/#ascyxc,"Comedy, Horror, Fantasy",,"A mockumentary about vampire roommates on Staten Island trying to navigate modern life. Coffins, council politics, and familiar energy—plus a very loyal familiar.",2020,"Kayvan Novak, Matt Berry, Natasia Demetriou, Harvey Guillén, Mark Proksch, Kristen Schaal"
Series,What We Do In The Shadows,Season 2,Episode 8,https://imperial.p2pstream.vip/#f19o3y,"Comedy, Horror, Fantasy",,"A mockumentary about vampire roommates on Staten Island trying to navigate modern life. Coffins, council politics, and familiar energy—plus a very loyal familiar.",2020,"Kayvan Novak, Matt Berry, Natasia Demetriou, Harvey Guillén, Mark Proksch, Kristen Schaal"
Series,What We Do In The Shadows,Season 2,Episode 9,https://imperial.p2pstream.vip/#5obuco,"Comedy, Horror, Fantasy",,"A mockumentary about vampire roommates on Staten Island trying to navigate modern life. Coffins, council politics, and familiar energy—plus a very loyal familiar.",2020,"Kayvan Novak, Matt Berry, Natasia Demetriou, Harvey Guillén, Mark Proksch, Kristen Schaal"
Series,What We Do In The Shadows,Season 2,Episode 10,https://imperial.p2pstream.vip/#3pl965,"Comedy, Horror, Fantasy",,"A mockumentary about vampire roommates on Staten Island trying to navigate modern life. Coffins, council politics, and familiar energy—plus a very loyal familiar.",2020,"Kayvan Novak, Matt Berry, Natasia Demetriou, Harvey Guillén, Mark Proksch, Kristen Schaal"
Series,What We Do In The Shadows,Season 3,Episode 1,https://imperial.p2pstream.vip/#3pepje,"Comedy, Horror, Fantasy",,"A mockumentary about vampire roommates on Staten Island trying to navigate modern life. Coffins, council politics, and familiar energy—plus a very loyal familiar.",2021,"Kayvan Novak, Matt Berry, Natasia Demetriou, Harvey Guillén, Mark Proksch, Kristen Schaal"
Series,What We Do In The Shadows,Season 3,Episode 2,https://imperial.p2pstream.vip/#id5dci,"Comedy, Horror, Fantasy",,"A mockumentary about vampire roommates on Staten Island trying to navigate modern life. Coffins, council politics, and familiar energy—plus a very loyal familiar.",2021,"Kayvan Novak, Matt Berry, Natasia Demetriou, Harvey Guillén, Mark Proksch, Kristen Schaal"
Series,What We Do In The Shadows,Season 3,Episode 3,https://imperial.p2pstream.vip/#owxwl8,"Comedy, Horror, Fantasy",,"A mockumentary about vampire roommates on Staten Island trying to navigate modern life. Coffins, council politics, and familiar energy—plus a very loyal familiar.",2021,"Kayvan Novak, Matt Berry, Natasia Demetriou, Harvey Guillén, Mark Proksch, Kristen Schaal"
Series,What We Do In The Shadows,Season 3,Episode 4,https://imperial.p2pstream.vip/#3pepjs,"Comedy, Horror, Fantasy",,"A mockumentary about vampire roommates on Staten Island trying to navigate modern life. Coffins, council politics, and familiar energy—plus a very loyal familiar.",2021,"Kayvan Novak, Matt Berry, Natasia Demetriou, Harvey Guillén, Mark Proksch, Kristen Schaal"
Series,What We Do In The Shadows,Season 3,Episode 5,https://imperial.p2pstream.vip/#asgshm,"Comedy, Horror, Fantasy",,"A mockumentary about vampire roommates on Staten Island trying to navigate modern life. Coffins, council politics, and familiar energy—plus a very loyal familiar.",2021,"Kayvan Novak, Matt Berry, Natasia Demetriou, Harvey Guillén, Mark Proksch, Kristen Schaal"
Series,What We Do In The Shadows,Season 3,Episode 6,https://imperial.p2pstream.vip/#sk3k65,"Comedy, Horror, Fantasy",,"A mockumentary about vampire roommates on Staten Island trying to navigate modern life. Coffins, council politics, and familiar energy—plus a very loyal familiar.",2021,"Kayvan Novak, Matt Berry, Natasia Demetriou, Harvey Guillén, Mark Proksch, Kristen Schaal"
Series,What We Do In The Shadows,Season 3,Episode 7,https://imperial.p2pstream.vip/#bgsgrr,"Comedy, Horror, Fantasy",,"A mockumentary about vampire roommates on Staten Island trying to navigate modern life. Coffins, council politics, and familiar energy—plus a very loyal familiar.",2021,"Kayvan Novak, Matt Berry, Natasia Demetriou, Harvey Guillén, Mark Proksch, Kristen Schaal"
Series,What We Do In The Shadows,Season 3,Episode 8,https://imperial.p2pstream.vip/#6zjz3w,"Comedy, Horror, Fantasy",,"A mockumentary about vampire roommates on Staten Island trying to navigate modern life. Coffins, council politics, and familiar energy—plus a very loyal familiar.",2021,"Kayvan Novak, Matt Berry, Natasia Demetriou, Harvey Guillén, Mark Proksch, Kristen Schaal"
Series,What We Do In The Shadows,Season 3,Episode 9,https://imperial.p2pstream.vip/#wiqi8s,"Comedy, Horror, Fantasy",,"A mockumentary about vampire roommates on Staten Island trying to navigate modern life. Coffins, council politics, and familiar energy—plus a very loyal familiar.",2021,"Kayvan Novak, Matt Berry, Natasia Demetriou, Harvey Guillén, Mark Proksch, Kristen Schaal"
Series,What We Do In The Shadows,Season 3,Episode 10,https://imperial.p2pstream.vip/#un8nwt,"Comedy, Horror, Fantasy",,"A mockumentary about vampire roommates on Staten Island trying to navigate modern life. Coffins, council politics, and familiar energy—plus a very loyal familiar.",2021,"Kayvan Novak, Matt Berry, Natasia Demetriou, Harvey Guillén, Mark Proksch, Kristen Schaal"
Series,What We Do In The Shadows,Season 4,Episode 1,https://imperial.p2pstream.vip/#tulua6,"Comedy, Horror, Fantasy",,"A mockumentary about vampire roommates on Staten Island trying to navigate modern life. Coffins, council politics, and familiar energy—plus a very loyal familiar.",2022,"Kayvan Novak, Matt Berry, Natasia Demetriou, Harvey Guillén, Mark Proksch, Kristen Schaal"
Series,What We Do In The Shadows,Season 4,Episode 2,https://imperial.p2pstream.vip/#pabawh,"Comedy, Horror, Fantasy",,"A mockumentary about vampire roommates on Staten Island trying to navigate modern life. Coffins, council politics, and familiar energy—plus a very loyal familiar.",2022,"Kayvan Novak, Matt Berry, Natasia Demetriou, Harvey Guillén, Mark Proksch, Kristen Schaal"
Series,What We Do In The Shadows,Season 4,Episode 3,https://imperial.p2pstream.vip/#6zjzts,"Comedy, Horror, Fantasy",,"A mockumentary about vampire roommates on Staten Island trying to navigate modern life. Coffins, council politics, and familiar energy—plus a very loyal familiar.",2022,"Kayvan Novak, Matt Berry, Natasia Demetriou, Harvey Guillén, Mark Proksch, Kristen Schaal"
Series,What We Do In The Shadows,Season 4,Episode 4,https://imperial.p2pstream.vip/#asgsib,"Comedy, Horror, Fantasy",,"A mockumentary about vampire roommates on Staten Island trying to navigate modern life. Coffins, council politics, and familiar energy—plus a very loyal familiar.",2022,"Kayvan Novak, Matt Berry, Natasia Demetriou, Harvey Guillén, Mark Proksch, Kristen Schaal"
Series,What We Do In The Shadows,Season 4,Episode 5,https://imperial.p2pstream.vip/#yjzj18,"Comedy, Horror, Fantasy",,"A mockumentary about vampire roommates on Staten Island trying to navigate modern life. Coffins, council politics, and familiar energy—plus a very loyal familiar.",2022,"Kayvan Novak, Matt Berry, Natasia Demetriou, Harvey Guillén, Mark Proksch, Kristen Schaal"
Series,What We Do In The Shadows,Season 4,Episode 6,https://imperial.p2pstream.vip/#owxwh6,"Comedy, Horror, Fantasy",,"A mockumentary about vampire roommates on Staten Island trying to navigate modern life. Coffins, council politics, and familiar energy—plus a very loyal familiar.",2022,"Kayvan Novak, Matt Berry, Natasia Demetriou, Harvey Guillén, Mark Proksch, Kristen Schaal"
Series,What We Do In The Shadows,Season 4,Episode 7,https://imperial.p2pstream.vip/#nfcfk6,"Comedy, Horror, Fantasy",,"A mockumentary about vampire roommates on Staten Island trying to navigate modern life. Coffins, council politics, and familiar energy—plus a very loyal familiar.",2022,"Kayvan Novak, Matt Berry, Natasia Demetriou, Harvey Guillén, Mark Proksch, Kristen Schaal"
Series,What We Do In The Shadows,Season 4,Episode 8,https://imperial.p2pstream.vip/#3pepol,"Comedy, Horror, Fantasy",,"A mockumentary about vampire roommates on Staten Island trying to navigate modern life. Coffins, council politics, and familiar energy—plus a very loyal familiar.",2022,"Kayvan Novak, Matt Berry, Natasia Demetriou, Harvey Guillén, Mark Proksch, Kristen Schaal"
Series,What We Do In The Shadows,Season 4,Episode 9,https://imperial.p2pstream.vip/#8cfc3k,"Comedy, Horror, Fantasy",,"A mockumentary about vampire roommates on Staten Island trying to navigate modern life. Coffins, council politics, and familiar energy—plus a very loyal familiar.",2022,"Kayvan Novak, Matt Berry, Natasia Demetriou, Harvey Guillén, Mark Proksch, Kristen Schaal"
Series,What We Do In The Shadows,Season 4,Episode 10,https://imperial.p2pstream.vip/#sk3kdp,"Comedy, Horror, Fantasy",,"A mockumentary about vampire roommates on Staten Island trying to navigate modern life. Coffins, council politics, and familiar energy—plus a very loyal familiar.",2022,"Kayvan Novak, Matt Berry, Natasia Demetriou, Harvey Guillén, Mark Proksch, Kristen Schaal"
Series,What We Do In The Shadows,Season 5,Episode 1,https://imperial.p2pstream.vip/#8cfc5d,"Comedy, Horror, Fantasy",,"A mockumentary about vampire roommates on Staten Island trying to navigate modern life. Coffins, council politics, and familiar energy—plus a very loyal familiar.",2023,"Kayvan Novak, Matt Berry, Natasia Demetriou, Harvey Guillén, Mark Proksch, Kristen Schaal"
Series,What We Do In The Shadows,Season 5,Episode 2,https://imperial.p2pstream.vip/#h6y63s,"Comedy, Horror, Fantasy",,"A mockumentary about vampire roommates on Staten Island trying to navigate modern life. Coffins, council politics, and familiar energy—plus a very loyal familiar.",2023,"Kayvan Novak, Matt Berry, Natasia Demetriou, Harvey Guillén, Mark Proksch, Kristen Schaal"
Series,What We Do In The Shadows,Season 5,Episode 3,https://imperial.p2pstream.vip/#h6y6qw,"Comedy, Horror, Fantasy",,"A mockumentary about vampire roommates on Staten Island trying to navigate modern life. Coffins, council politics, and familiar energy—plus a very loyal familiar.",2023,"Kayvan Novak, Matt Berry, Natasia Demetriou, Harvey Guillén, Mark Proksch, Kristen Schaal"
Series,What We Do In The Shadows,Season 5,Episode 4,https://imperial.p2pstream.vip/#dmomp8,"Comedy, Horror, Fantasy",,"A mockumentary about vampire roommates on Staten Island trying to navigate modern life. Coffins, council politics, and familiar energy—plus a very loyal familiar.",2023,"Kayvan Novak, Matt Berry, Natasia Demetriou, Harvey Guillén, Mark Proksch, Kristen Schaal"
Series,What We Do In The Shadows,Season 5,Episode 5,https://imperial.p2pstream.vip/#bgsgyy,"Comedy, Horror, Fantasy",,"A mockumentary about vampire roommates on Staten Island trying to navigate modern life. Coffins, council politics, and familiar energy—plus a very loyal familiar.",2023,"Kayvan Novak, Matt Berry, Natasia Demetriou, Harvey Guillén, Mark Proksch, Kristen Schaal"
Series,What We Do In The Shadows,Season 5,Episode 6,https://imperial.p2pstream.vip/#pabahd,"Comedy, Horror, Fantasy",,"A mockumentary about vampire roommates on Staten Island trying to navigate modern life. Coffins, council politics, and familiar energy—plus a very loyal familiar.",2023,"Kayvan Novak, Matt Berry, Natasia Demetriou, Harvey Guillén, Mark Proksch, Kristen Schaal"
Series,What We Do In The Shadows,Season 5,Episode 7,https://imperial.p2pstream.vip/#ry6yhw,"Comedy, Horror, Fantasy",,"A mockumentary about vampire roommates on Staten Island trying to navigate modern life. Coffins, council politics, and familiar energy—plus a very loyal familiar.",2023,"Kayvan Novak, Matt Berry, Natasia Demetriou, Harvey Guillén, Mark Proksch, Kristen Schaal"
Series,What We Do In The Shadows,Season 5,Episode 8,https://imperial.p2pstream.vip/#asgs6x,"Comedy, Horror, Fantasy",,"A mockumentary about vampire roommates on Staten Island trying to navigate modern life. Coffins, council politics, and familiar energy—plus a very loyal familiar.",2023,"Kayvan Novak, Matt Berry, Natasia Demetriou, Harvey Guillén, Mark Proksch, Kristen Schaal"
Series,What We Do In The Shadows,Season 5,Episode 9,https://imperial.p2pstream.vip/#kepet6,"Comedy, Horror, Fantasy",,"A mockumentary about vampire roommates on Staten Island trying to navigate modern life. Coffins, council politics, and familiar energy—plus a very loyal familiar.",2023,"Kayvan Novak, Matt Berry, Natasia Demetriou, Harvey Guillén, Mark Proksch, Kristen Schaal"
Series,What We Do In The Shadows,Season 5,Episode 10,https://imperial.p2pstream.vip/#5omolg,"Comedy, Horror, Fantasy",,"A mockumentary about vampire roommates on Staten Island trying to navigate modern life. Coffins, council politics, and familiar energy—plus a very loyal familiar.",2023,"Kayvan Novak, Matt Berry, Natasia Demetriou, Harvey Guillén, Mark Proksch, Kristen Schaal"
Series,What We Do In The Shadows,Season 6,Episode 1,https://imperial.p2pstream.vip/#wiqi9l,"Comedy, Horror, Fantasy",,"A mockumentary about vampire roommates on Staten Island trying to navigate modern life. Coffins, council politics, and familiar energy—plus a very loyal familiar.",2024,"Kayvan Novak, Matt Berry, Natasia Demetriou, Harvey Guillén, Mark Proksch, Kristen Schaal"
Series,What We Do In The Shadows,Season 6,Episode 2,https://imperial.p2pstream.vip/#5omod9,"Comedy, Horror, Fantasy",,"A mockumentary about vampire roommates on Staten Island trying to navigate modern life. Coffins, council politics, and familiar energy—plus a very loyal familiar.",2024,"Kayvan Novak, Matt Berry, Natasia Demetriou, Harvey Guillén, Mark Proksch, Kristen Schaal"
Series,What We Do In The Shadows,Season 6,Episode 3,https://imperial.p2pstream.vip/#id5dpz,"Comedy, Horror, Fantasy",,"A mockumentary about vampire roommates on Staten Island trying to navigate modern life. Coffins, council politics, and familiar energy—plus a very loyal familiar.",2024,"Kayvan Novak, Matt Berry, Natasia Demetriou, Harvey Guillén, Mark Proksch, Kristen Schaal"
Series,What We Do In The Shadows,Season 6,Episode 4,https://imperial.p2pstream.vip/#q5d5e5,"Comedy, Horror, Fantasy",,"A mockumentary about vampire roommates on Staten Island trying to navigate modern life. Coffins, council politics, and familiar energy—plus a very loyal familiar.",2024,"Kayvan Novak, Matt Berry, Natasia Demetriou, Harvey Guillén, Mark Proksch, Kristen Schaal"
Series,What We Do In The Shadows,Season 6,Episode 5,https://imperial.p2pstream.vip/#8cfcn8,"Comedy, Horror, Fantasy",,"A mockumentary about vampire roommates on Staten Island trying to navigate modern life. Coffins, council politics, and familiar energy—plus a very loyal familiar.",2024,"Kayvan Novak, Matt Berry, Natasia Demetriou, Harvey Guillén, Mark Proksch, Kristen Schaal"
Series,What We Do In The Shadows,Season 6,Episode 6,https://imperial.p2pstream.vip/#asgsmh,"Comedy, Horror, Fantasy",,"A mockumentary about vampire roommates on Staten Island trying to navigate modern life. Coffins, council politics, and familiar energy—plus a very loyal familiar.",2024,"Kayvan Novak, Matt Berry, Natasia Demetriou, Harvey Guillén, Mark Proksch, Kristen Schaal"
Series,What We Do In The Shadows,Season 6,Episode 7,https://imperial.p2pstream.vip/#owxwz9,"Comedy, Horror, Fantasy",,"A mockumentary about vampire roommates on Staten Island trying to navigate modern life. Coffins, council politics, and familiar energy—plus a very loyal familiar.",2024,"Kayvan Novak, Matt Berry, Natasia Demetriou, Harvey Guillén, Mark Proksch, Kristen Schaal"
Series,What We Do In The Shadows,Season 6,Episode 8,https://imperial.p2pstream.vip/#tulu1x,"Comedy, Horror, Fantasy",,"A mockumentary about vampire roommates on Staten Island trying to navigate modern life. Coffins, council politics, and familiar energy—plus a very loyal familiar.",2024,"Kayvan Novak, Matt Berry, Natasia Demetriou, Harvey Guillén, Mark Proksch, Kristen Schaal"
Series,What We Do In The Shadows,Season 6,Episode 9,https://imperial.p2pstream.vip/#1lul39,"Comedy, Horror, Fantasy",,"A mockumentary about vampire roommates on Staten Island trying to navigate modern life. Coffins, council politics, and familiar energy—plus a very loyal familiar.",2024,"Kayvan Novak, Matt Berry, Natasia Demetriou, Harvey Guillén, Mark Proksch, Kristen Schaal"
Series,What We Do In The Shadows,Season 6,Episode 10,https://imperial.p2pstream.vip/#keperm,"Action, Drama, Mystery, Thriller",,"A mockumentary about vampire roommates on Staten Island trying to navigate modern life. Coffins, council politics, and familiar energy—plus a very loyal familiar.",2024,"Kayvan Novak, Matt Berry, Natasia Demetriou, Harvey Guillén, Mark Proksch, Kristen Schaal"
Series,What We Do In The Shadows,Season 6,Episode 11,https://imperial.p2pstream.vip/#h6y6pk,"Action, Drama, Mystery, Thriller",,"A mockumentary about vampire roommates on Staten Island trying to navigate modern life. Coffins, council politics, and familiar energy—plus a very loyal familiar.",2024,"Kayvan Novak, Matt Berry, Natasia Demetriou, Harvey Guillén, Mark Proksch, Kristen Schaal"
Series,Squid Games,Season 1,Episode 1,https://morencius.com/file/qlkqk4xvoz3g,"Action, Drama, Mystery, Thriller",,"Broke contestants play deadly children's games for a massive cash prize. A brutal Korean thriller about debt, dignity, and what people will do to survive.",2021,"Lee Jung-jae, Park Hae-soo, HoYeon Jung, Wi Ha-jun, Lee Byung-hun, Gong Yoo"
Series,Squid Games,Season 1,Episode 2,https://morencius.com/file/6nolb6gyhwjd,"Action, Drama, Mystery, Thriller",,"Broke contestants play deadly children's games for a massive cash prize. A brutal Korean thriller about debt, dignity, and what people will do to survive.",2021,"Lee Jung-jae, Park Hae-soo, HoYeon Jung, Wi Ha-jun, Lee Byung-hun, Gong Yoo"
Series,Squid Games,Season 1,Episode 3,https://morencius.com/file/j36bzro0x9xj,"Action, Drama, Mystery, Thriller",,"Broke contestants play deadly children's games for a massive cash prize. A brutal Korean thriller about debt, dignity, and what people will do to survive.",2021,"Lee Jung-jae, Park Hae-soo, HoYeon Jung, Wi Ha-jun, Lee Byung-hun, Gong Yoo"
Series,Squid Games,Season 1,Episode 4,https://morencius.com/file/aticoakxj5nu,"Action, Drama, Mystery, Thriller",,"Broke contestants play deadly children's games for a massive cash prize. A brutal Korean thriller about debt, dignity, and what people will do to survive.",2021,"Lee Jung-jae, Park Hae-soo, HoYeon Jung, Wi Ha-jun, Lee Byung-hun, Gong Yoo"
Series,Squid Games,Season 1,Episode 5,https://morencius.com/file/7tdpz5uro89s,"Action, Drama, Mystery, Thriller",,"Broke contestants play deadly children's games for a massive cash prize. A brutal Korean thriller about debt, dignity, and what people will do to survive.",2021,"Lee Jung-jae, Park Hae-soo, HoYeon Jung, Wi Ha-jun, Lee Byung-hun, Gong Yoo"
Series,Squid Games,Season 1,Episode 6,https://morencius.com/file/m98aqojreat8,"Action, Drama, Mystery, Thriller",,"Broke contestants play deadly children's games for a massive cash prize. A brutal Korean thriller about debt, dignity, and what people will do to survive.",2021,"Lee Jung-jae, Park Hae-soo, HoYeon Jung, Wi Ha-jun, Lee Byung-hun, Gong Yoo"
Series,Squid Games,Season 1,Episode 7,https://morencius.com/file/syx2kg6pzx93,"Action, Drama, Mystery, Thriller",,"Broke contestants play deadly children's games for a massive cash prize. A brutal Korean thriller about debt, dignity, and what people will do to survive.",2021,"Lee Jung-jae, Park Hae-soo, HoYeon Jung, Wi Ha-jun, Lee Byung-hun, Gong Yoo"
Series,Squid Games,Season 1,Episode 8,https://morencius.com/file/mnqbb9abnyyy,"Action, Drama, Mystery, Thriller",,"Broke contestants play deadly children's games for a massive cash prize. A brutal Korean thriller about debt, dignity, and what people will do to survive.",2021,"Lee Jung-jae, Park Hae-soo, HoYeon Jung, Wi Ha-jun, Lee Byung-hun, Gong Yoo"
Series,Squid Games,Season 1,Episode 9,https://morencius.com/file/mfofhlq5eyia,"Action, Drama, Mystery, Thriller",,"Broke contestants play deadly children's games for a massive cash prize. A brutal Korean thriller about debt, dignity, and what people will do to survive.",2021,"Lee Jung-jae, Park Hae-soo, HoYeon Jung, Wi Ha-jun, Lee Byung-hun, Gong Yoo"
Series,Squid Games,Season 2,Episode 1,https://imperial.p2pstream.vip/#vhqjur,"Action, Drama, Mystery, Thriller",,"Broke contestants play deadly children's games for a massive cash prize. A brutal Korean thriller about debt, dignity, and what people will do to survive.",2024,"Lee Jung-jae, Park Hae-soo, HoYeon Jung, Wi Ha-jun, Lee Byung-hun, Gong Yoo"
Series,Squid Games,Season 2,Episode 2,https://imperial.p2pstream.vip/#q5exmf,"Action, Drama, Mystery, Thriller",,"Broke contestants play deadly children's games for a massive cash prize. A brutal Korean thriller about debt, dignity, and what people will do to survive.",2024,"Lee Jung-jae, Park Hae-soo, HoYeon Jung, Wi Ha-jun, Lee Byung-hun, Gong Yoo"
Series,Squid Games,Season 2,Episode 3,https://imperial.p2pstream.vip/#vhqjy5,"Action, Drama, Mystery, Thriller",,"Broke contestants play deadly children's games for a massive cash prize. A brutal Korean thriller about debt, dignity, and what people will do to survive.",2024,"Lee Jung-jae, Park Hae-soo, HoYeon Jung, Wi Ha-jun, Lee Byung-hun, Gong Yoo"
Series,Squid Games,Season 2,Episode 4,https://imperial.p2pstream.vip/#un6tcg,"Action, Drama, Mystery, Thriller",,"Broke contestants play deadly children's games for a massive cash prize. A brutal Korean thriller about debt, dignity, and what people will do to survive.",2024,"Lee Jung-jae, Park Hae-soo, HoYeon Jung, Wi Ha-jun, Lee Byung-hun, Gong Yoo"
Series,Squid Games,Season 2,Episode 5,https://imperial.p2pstream.vip/#sktapz,"Action, Drama, Mystery, Thriller",,"Broke contestants play deadly children's games for a massive cash prize. A brutal Korean thriller about debt, dignity, and what people will do to survive.",2024,"Lee Jung-jae, Park Hae-soo, HoYeon Jung, Wi Ha-jun, Lee Byung-hun, Gong Yoo"
Series,Squid Games,Season 2,Episode 6,https://imperial.p2pstream.vip/#tuhc8s,"Comedy, Family, Romance",,"Broke contestants play deadly children's games for a massive cash prize. A brutal Korean thriller about debt, dignity, and what people will do to survive.",2024,"Lee Jung-jae, Park Hae-soo, HoYeon Jung, Wi Ha-jun, Lee Byung-hun, Gong Yoo"
Series,Squid Games,Season 2,Episode 7,https://imperial.p2pstream.vip/#f19nuf,"Comedy, Family, Romance",,"Broke contestants play deadly children's games for a massive cash prize. A brutal Korean thriller about debt, dignity, and what people will do to survive.",2024,"Lee Jung-jae, Park Hae-soo, HoYeon Jung, Wi Ha-jun, Lee Byung-hun, Gong Yoo"
Series,Modern Family,Season 1,Episode 1,https://imperial.p2pstream.vip/#un6um6,"Comedy, Family, Romance",,"Three branches of one Los Angeles family are followed in mockumentary style. Warm comedy about marriage, parenting, and the beautiful mess of relatives.",2009,"Ed O'Neill, Sofia Vergara, Julie Bowen, Ty Burrell, Jesse Tyler Ferguson, Eric Stonestreet"
Series,Modern Family,Season 1,Episode 2,https://imperial.p2pstream.vip/#vhqvpt,"Comedy, Family, Romance",,"Three branches of one Los Angeles family are followed in mockumentary style. Warm comedy about marriage, parenting, and the beautiful mess of relatives.",2009,"Ed O'Neill, Sofia Vergara, Julie Bowen, Ty Burrell, Jesse Tyler Ferguson, Eric Stonestreet"
Series,Modern Family,Season 1,Episode 3,https://imperial.p2pstream.vip/#1lr15y,"Comedy, Family, Romance",,"Three branches of one Los Angeles family are followed in mockumentary style. Warm comedy about marriage, parenting, and the beautiful mess of relatives.",2009,"Ed O'Neill, Sofia Vergara, Julie Bowen, Ty Burrell, Jesse Tyler Ferguson, Eric Stonestreet"
Series,Modern Family,Season 1,Episode 4,https://imperial.p2pstream.vip/#asca9z,"Comedy, Family, Romance",,"Three branches of one Los Angeles family are followed in mockumentary style. Warm comedy about marriage, parenting, and the beautiful mess of relatives.",2009,"Ed O'Neill, Sofia Vergara, Julie Bowen, Ty Burrell, Jesse Tyler Ferguson, Eric Stonestreet"
Series,Modern Family,Season 1,Episode 5,https://imperial.p2pstream.vip/#bgfbvi,"Comedy, Family, Romance",,"Three branches of one Los Angeles family are followed in mockumentary style. Warm comedy about marriage, parenting, and the beautiful mess of relatives.",2009,"Ed O'Neill, Sofia Vergara, Julie Bowen, Ty Burrell, Jesse Tyler Ferguson, Eric Stonestreet"
Series,Modern Family,Season 1,Episode 6,https://imperial.p2pstream.vip/#l8yloo,"Comedy, Family, Romance",,"Three branches of one Los Angeles family are followed in mockumentary style. Warm comedy about marriage, parenting, and the beautiful mess of relatives.",2009,"Ed O'Neill, Sofia Vergara, Julie Bowen, Ty Burrell, Jesse Tyler Ferguson, Eric Stonestreet"
Series,Modern Family,Season 1,Episode 7,https://imperial.p2pstream.vip/#yjmycz,"Comedy, Family, Romance",,"Three branches of one Los Angeles family are followed in mockumentary style. Warm comedy about marriage, parenting, and the beautiful mess of relatives.",2009,"Ed O'Neill, Sofia Vergara, Julie Bowen, Ty Burrell, Jesse Tyler Ferguson, Eric Stonestreet"
Series,Modern Family,Season 1,Episode 8,https://imperial.p2pstream.vip/#1lr1p5,"Comedy, Family, Romance",,"Three branches of one Los Angeles family are followed in mockumentary style. Warm comedy about marriage, parenting, and the beautiful mess of relatives.",2009,"Ed O'Neill, Sofia Vergara, Julie Bowen, Ty Burrell, Jesse Tyler Ferguson, Eric Stonestreet"
Series,Modern Family,Season 1,Episode 9,https://imperial.p2pstream.vip/#nfzng5,"Comedy, Family, Romance",,"Three branches of one Los Angeles family are followed in mockumentary style. Warm comedy about marriage, parenting, and the beautiful mess of relatives.",2009,"Ed O'Neill, Sofia Vergara, Julie Bowen, Ty Burrell, Jesse Tyler Ferguson, Eric Stonestreet"
Series,Modern Family,Season 1,Episode 10,https://imperial.p2pstream.vip/#3pl36c,"Comedy, Family, Romance",,"Three branches of one Los Angeles family are followed in mockumentary style. Warm comedy about marriage, parenting, and the beautiful mess of relatives.",2009,"Ed O'Neill, Sofia Vergara, Julie Bowen, Ty Burrell, Jesse Tyler Ferguson, Eric Stonestreet"
Series,Modern Family,Season 1,Episode 11,https://imperial.p2pstream.vip/#owgoty,"Comedy, Family, Romance",,"Three branches of one Los Angeles family are followed in mockumentary style. Warm comedy about marriage, parenting, and the beautiful mess of relatives.",2009,"Ed O'Neill, Sofia Vergara, Julie Bowen, Ty Burrell, Jesse Tyler Ferguson, Eric Stonestreet"
Series,Modern Family,Season 1,Episode 12,https://imperial.p2pstream.vip/#pa8pmt,"Comedy, Family, Romance",,"Three branches of one Los Angeles family are followed in mockumentary style. Warm comedy about marriage, parenting, and the beautiful mess of relatives.",2009,"Ed O'Neill, Sofia Vergara, Julie Bowen, Ty Burrell, Jesse Tyler Ferguson, Eric Stonestreet"
Series,Modern Family,Season 1,Episode 13,https://imperial.p2pstream.vip/#pa8pmq,"Comedy, Family, Romance",,"Three branches of one Los Angeles family are followed in mockumentary style. Warm comedy about marriage, parenting, and the beautiful mess of relatives.",2009,"Ed O'Neill, Sofia Vergara, Julie Bowen, Ty Burrell, Jesse Tyler Ferguson, Eric Stonestreet"
Series,Modern Family,Season 1,Episode 14,https://imperial.p2pstream.vip/#5ob5cn,"Comedy, Family, Romance",,"Three branches of one Los Angeles family are followed in mockumentary style. Warm comedy about marriage, parenting, and the beautiful mess of relatives.",2009,"Ed O'Neill, Sofia Vergara, Julie Bowen, Ty Burrell, Jesse Tyler Ferguson, Eric Stonestreet"
Series,Modern Family,Season 1,Episode 15,https://imperial.p2pstream.vip/#yjmycy,"Comedy, Family, Romance",,"Three branches of one Los Angeles family are followed in mockumentary style. Warm comedy about marriage, parenting, and the beautiful mess of relatives.",2009,"Ed O'Neill, Sofia Vergara, Julie Bowen, Ty Burrell, Jesse Tyler Ferguson, Eric Stonestreet"
Series,Modern Family,Season 1,Episode 16,https://imperial.p2pstream.vip/#q5eq85,"Comedy, Family, Romance",,"Three branches of one Los Angeles family are followed in mockumentary style. Warm comedy about marriage, parenting, and the beautiful mess of relatives.",2009,"Ed O'Neill, Sofia Vergara, Julie Bowen, Ty Burrell, Jesse Tyler Ferguson, Eric Stonestreet"
Series,Modern Family,Season 1,Episode 17,https://imperial.p2pstream.vip/#sktsre,"Comedy, Family, Romance",,"Three branches of one Los Angeles family are followed in mockumentary style. Warm comedy about marriage, parenting, and the beautiful mess of relatives.",2009,"Ed O'Neill, Sofia Vergara, Julie Bowen, Ty Burrell, Jesse Tyler Ferguson, Eric Stonestreet"
Series,Modern Family,Season 1,Episode 18,https://imperial.p2pstream.vip/#h65ha8,"Comedy, Family, Romance",,"Three branches of one Los Angeles family are followed in mockumentary style. Warm comedy about marriage, parenting, and the beautiful mess of relatives.",2009,"Ed O'Neill, Sofia Vergara, Julie Bowen, Ty Burrell, Jesse Tyler Ferguson, Eric Stonestreet"
Series,Modern Family,Season 1,Episode 19,https://imperial.p2pstream.vip/#6zo6sg,"Comedy, Family, Romance",,"Three branches of one Los Angeles family are followed in mockumentary style. Warm comedy about marriage, parenting, and the beautiful mess of relatives.",2009,"Ed O'Neill, Sofia Vergara, Julie Bowen, Ty Burrell, Jesse Tyler Ferguson, Eric Stonestreet"
Series,Modern Family,Season 1,Episode 20,https://imperial.p2pstream.vip/#q5eq8f,"Comedy, Family, Romance",,"Three branches of one Los Angeles family are followed in mockumentary style. Warm comedy about marriage, parenting, and the beautiful mess of relatives.",2009,"Ed O'Neill, Sofia Vergara, Julie Bowen, Ty Burrell, Jesse Tyler Ferguson, Eric Stonestreet"
Series,Modern Family,Season 1,Episode 21,https://imperial.p2pstream.vip/#8cj8w3,"Comedy, Family, Romance",,"Three branches of one Los Angeles family are followed in mockumentary style. Warm comedy about marriage, parenting, and the beautiful mess of relatives.",2009,"Ed O'Neill, Sofia Vergara, Julie Bowen, Ty Burrell, Jesse Tyler Ferguson, Eric Stonestreet"
Series,Modern Family,Season 1,Episode 22,https://imperial.p2pstream.vip/#dmadfq,"Comedy, Family, Romance",,"Three branches of one Los Angeles family are followed in mockumentary style. Warm comedy about marriage, parenting, and the beautiful mess of relatives.",2009,"Ed O'Neill, Sofia Vergara, Julie Bowen, Ty Burrell, Jesse Tyler Ferguson, Eric Stonestreet"
Series,Modern Family,Season 1,Episode 23,https://imperial.p2pstream.vip/#ebnejq,"Comedy, Family, Romance",,"Three branches of one Los Angeles family are followed in mockumentary style. Warm comedy about marriage, parenting, and the beautiful mess of relatives.",2009,"Ed O'Neill, Sofia Vergara, Julie Bowen, Ty Burrell, Jesse Tyler Ferguson, Eric Stonestreet"
Series,Modern Family,Season 1,Episode 24,https://imperial.p2pstream.vip/#wi3wuc,"Comedy, Family, Romance",,"Three branches of one Los Angeles family are followed in mockumentary style. Warm comedy about marriage, parenting, and the beautiful mess of relatives.",2009,"Ed O'Neill, Sofia Vergara, Julie Bowen, Ty Burrell, Jesse Tyler Ferguson, Eric Stonestreet"
